SET SQL_MODE = "NO_AUTO_VALUE_ON_ZERO";
START TRANSACTION;
SET time_zone = "+00:00";

CREATE DATABASE IF NOT EXISTS `bookstore` DEFAULT CHARACTER SET utf8 COLLATE utf8_unicode_ci;
USE `bookstore`;



-- MySQL dump 10.13  Distrib 8.0.34, for Win64 (x86_64)
--
-- Host: localhost    Database: bookstore
-- ------------------------------------------------------
-- Server version	8.0.34

/*!40101 SET @OLD_CHARACTER_SET_CLIENT=@@CHARACTER_SET_CLIENT */;
/*!40101 SET @OLD_CHARACTER_SET_RESULTS=@@CHARACTER_SET_RESULTS */;
/*!40101 SET @OLD_COLLATION_CONNECTION=@@COLLATION_CONNECTION */;
/*!50503 SET NAMES utf8 */;
/*!40103 SET @OLD_TIME_ZONE=@@TIME_ZONE */;
/*!40103 SET TIME_ZONE='+00:00' */;
/*!40014 SET @OLD_UNIQUE_CHECKS=@@UNIQUE_CHECKS, UNIQUE_CHECKS=0 */;
/*!40014 SET @OLD_FOREIGN_KEY_CHECKS=@@FOREIGN_KEY_CHECKS, FOREIGN_KEY_CHECKS=0 */;
/*!40101 SET @OLD_SQL_MODE=@@SQL_MODE, SQL_MODE='NO_AUTO_VALUE_ON_ZERO' */;
/*!40111 SET @OLD_SQL_NOTES=@@SQL_NOTES, SQL_NOTES=0 */;

--
-- Table structure for table `category`
--

DROP TABLE IF EXISTS `category`;
/*!40101 SET @saved_cs_client     = @@character_set_client */;
/*!50503 SET character_set_client = utf8mb4 */;
CREATE TABLE `category` (
  `category_id` int NOT NULL AUTO_INCREMENT,
  `category_name` varchar(100) CHARACTER SET utf8mb4 COLLATE utf8mb4_general_ci NOT NULL,
  PRIMARY KEY (`category_id`)
) ENGINE=InnoDB AUTO_INCREMENT=7 DEFAULT CHARSET=utf8mb4 COLLATE=utf8mb4_general_ci;
/*!40101 SET character_set_client = @saved_cs_client */;

--
-- Dumping data for table `category`
--

LOCK TABLES `category` WRITE;
/*!40000 ALTER TABLE `category` DISABLE KEYS */;
INSERT INTO `category` VALUES (1,'Truyện kiếm hiệp'),(2,'Sách văn học'),(3,'Truyện tranh - Comic');
/*!40000 ALTER TABLE `category` ENABLE KEYS */;
UNLOCK TABLES;

--
-- Table structure for table `order_detail`
--

DROP TABLE IF EXISTS `order_detail`;
/*!40101 SET @saved_cs_client     = @@character_set_client */;
/*!50503 SET character_set_client = utf8mb4 */;
CREATE TABLE `order_detail` (
  `order_id` int NOT NULL,
  `user_id` int NOT NULL,
  `product_id` int NOT NULL,
  `quantity` int NOT NULL,
  `price` varchar(20) CHARACTER SET utf8mb4 COLLATE utf8mb4_general_ci NOT NULL,
  `order_detail_money` varchar(20) CHARACTER SET utf8mb4 COLLATE utf8mb4_general_ci NOT NULL,
  PRIMARY KEY (`user_id`,`order_id`),
  KEY `product_id` (`product_id`),
  CONSTRAINT `order_detail_ibfk_1` FOREIGN KEY (`user_id`, `order_id`) REFERENCES `orders` (`user_id`, `order_id`),
  CONSTRAINT `order_detail_ibfk_2` FOREIGN KEY (`product_id`) REFERENCES `product` (`product_id`)
) ENGINE=InnoDB DEFAULT CHARSET=utf8mb4 COLLATE=utf8mb4_general_ci;
/*!40101 SET character_set_client = @saved_cs_client */;

--
-- Dumping data for table `order_detail`
--

LOCK TABLES `order_detail` WRITE;
/*!40000 ALTER TABLE `order_detail` DISABLE KEYS */;
/*!40000 ALTER TABLE `order_detail` ENABLE KEYS */;
UNLOCK TABLES;

--
-- Table structure for table `orders`
--

DROP TABLE IF EXISTS `orders`;
/*!40101 SET @saved_cs_client     = @@character_set_client */;
/*!50503 SET character_set_client = utf8mb4 */;
CREATE TABLE `orders` (
  `order_id` int NOT NULL AUTO_INCREMENT,
  `user_id` int NOT NULL,
  `fullname` varchar(50) CHARACTER SET utf8mb4 COLLATE utf8mb4_general_ci NOT NULL,
  `phonenumber` int NOT NULL,
  `email` varchar(150) CHARACTER SET utf8mb4 COLLATE utf8mb4_general_ci NOT NULL,
  `address` varchar(200) CHARACTER SET utf8mb4 COLLATE utf8mb4_general_ci NOT NULL,
  `note` varchar(1000) CHARACTER SET utf8mb4 COLLATE utf8mb4_general_ci NOT NULL,
  `order_date` date NOT NULL,
  `order_status` varchar(30) CHARACTER SET utf8mb4 COLLATE utf8mb4_general_ci NOT NULL,
  `total_money` varchar(20) CHARACTER SET utf8mb4 COLLATE utf8mb4_general_ci NOT NULL,
  PRIMARY KEY (`order_id`,`user_id`) USING BTREE,
  KEY `user_id` (`user_id`),
  CONSTRAINT `orders_ibfk_1` FOREIGN KEY (`user_id`) REFERENCES `user` (`user_id`)
) ENGINE=InnoDB DEFAULT CHARSET=utf8mb4 COLLATE=utf8mb4_general_ci;
/*!40101 SET character_set_client = @saved_cs_client */;

--
-- Dumping data for table `orders`
--

LOCK TABLES `orders` WRITE;
/*!40000 ALTER TABLE `orders` DISABLE KEYS */;
/*!40000 ALTER TABLE `orders` ENABLE KEYS */;
UNLOCK TABLES;

--
-- Table structure for table `product`
--

DROP TABLE IF EXISTS `product`;
/*!40101 SET @saved_cs_client     = @@character_set_client */;
/*!50503 SET character_set_client = utf8mb4 */;
CREATE TABLE `product` (
  `product_id` int NOT NULL AUTO_INCREMENT,
  `product_name` varchar(500) CHARACTER SET utf8mb4 COLLATE utf8mb4_general_ci NOT NULL,
  `image` varchar(500) CHARACTER SET utf8mb4 COLLATE utf8mb4_general_ci NOT NULL,
  `price` int NOT NULL,
  `price_old` varchar(20) CHARACTER SET utf8mb4 COLLATE utf8mb4_general_ci NOT NULL DEFAULT '',
  `description` longtext CHARACTER SET utf8mb4 COLLATE utf8mb4_general_ci,
  `category_id` int NOT NULL,
  `view` int NOT NULL DEFAULT '0',
  PRIMARY KEY (`product_id`),
  KEY `category_id` (`category_id`),
  CONSTRAINT `product_ibfk_1` FOREIGN KEY (`category_id`) REFERENCES `category` (`category_id`)
) ENGINE=InnoDB AUTO_INCREMENT=343 DEFAULT CHARSET=utf8mb4 COLLATE=utf8mb4_general_ci;
/*!40101 SET character_set_client = @saved_cs_client */;

--
-- Dumping data for table `product`
--

LOCK TABLES `product` WRITE;
/*!40000 ALTER TABLE `product` DISABLE KEYS */;
INSERT INTO `product` VALUES (1,'Ỷ Thiên Đồ Long Ký (Bộ 3 Cuốn)','sach-y-thien-do-long-ky-bo-4-cuon_L.jpg',630000,'900000','<div class=\"description\">Ỷ Thiên Đồ Long Ký (Bộ 4 Cuốn) - Ẩn giấu pho võ công thượng đẳng Cửu Âm Chân Kinh và bộ Võ Mục Di Thư lừng lẫy, Ỷ Thiên kiếm và Đồ Long đao đã gây nên những cuộc tranh giành không hồi kết giữa các bang phái võ lâm.</div>',1,1115),(2,'Tiếu Ngạo Giang Hồ (Bộ 3 Quyển)','sach-tieu-ngao-giang-ho-bo-3-quyen_L.jpg',784000,'980000','<div class=\"description\">Tiếu Ngạo Giang Hồ (Bộ 3 Quyển) - Nội dung bộ truyện xoay quanh những đề tài về tình bạn, tình yêu, sự dối trá, phản bội, những âm mưu và cả ham muốn quyền lực.</div>',1,2),(3,'Lộc Đỉnh Ký (Bộ 3 Tập)','sach-loc-dinh-ky-bo-3-tap_L.jpg',686000,'980000','<div class=\"description\">Lộc Đỉnh Ký (Bộ 3 Tập) - Mang nhiều màu sắc riêng biệt so với các bộ tiểu thuyết kiếm hiệp khác của Kim Dung, Lộc Đỉnh Ký không phản ánh cuộc sống của các nhân vật võ lâm với các mâu thuẫn cá nhân hay phe phái giữa họ mà phản ánh đời sống xã hội Trung Hoa đầu đời Thanh với các mâu thuẫn chính trị - văn hóa có thật của lịch sử.</div>',1,0),(4,'Đông Chu Liệt Quốc 2 (Tái Bản 2018)','dong-chu-liet-quoc-tap-2-bia_L.gif',153000,'180000','<div class=\"description\">Đông Chu Liệt Quốc 2 bao gồm một thời kỳ lịch sử dài hơn 400 năm (thế kỷ I, V, IV, III TCN), bắt đầu từ khi Bình Vương nhà Chu dời đô sang phía đông và kết thúc với cuộc thống nhất của Tần Thủy Hoàng.\r\n</div>',1,0),(5,'Đông Chu Liệt Quốc Liên Hoàn Họa (Bộ 30 Tập)','bo-hop-dong-chu-liet-quoc-lien-hoan-hoa-tron-bo-30-tap_L.gif',450000,'500000','<div class=\"description\">Bằng lời văn ngắn gọn nhưng trong sáng, dễ hiểu và các câu chuyện, tình tiết được tuyển chọn kĩ lưỡng, liền mạch, bộ sách kinh điển Đông Chu Liệt Quốc Liên Hoàn Họa 30 tập này đã bao quát toàn bộ thời kì Đông Chu.</div>',1,0),(6,'Thiên Long Bát Bộ ( Trọn Bộ 3 Cuốn)','thien-long-bat-bo-tron-bo-3-cuon_L.jpg',784000,'980000','<div class=\"description\">Thiên Long Bát Bộ trọn bộ 3 cuốn của tác giả Kim Dung tập trung vào nhân vật Tiêu Phong - vượt qua giới hạn của tiểu thuyết lịch sử, làm nên đỉnh cao trong thế giới võ hiệp chính nghĩa.</div>',1,0),(7,'Đông Chu Liệt Quốc Trọn Bộ 3 Tập','596580194478_L.jpg',323700,'390000','<div class=\"description\">Tuyệt tác văn chương phản ánh một giai đoạn 550 năm bão táp của lịch sử Trung Hoa từ Xuân Thu đến Chiến Quốc, hàm chứa những vấn đề phổ biến và sâu xa của nhân loại.</div>',1,0),(8,'Thần Điêu Hiệp Lữ (Trọn Bộ 4 Cuốn)','than-dieu-hiep-lu_L.gif',750000,'1000000','',1,3),(9,'Thiếu Hiệp Hành (Trọn Bộ 4 Cuốn)','thieu-hiep-hanh_L.jpg',125000,'157000','',1,0),(10,'Thiên Long Bát Bộ (Trọn Bộ 10 Tập)','Thien-Long-Bat-Bo_L.png',947000,'1262000','<div class=\"description\">Thiên Long Bát Bộ là cuốn tiểu thuyết hay của nhà văn Kim Dung. Đây là tác phẩm viết với thời gian lâu nhất và cũng là tác phẩm dài nhất của Kim Dung. Nội dung tác phẩm thấm đượm tinh thần Phật giáo mà Kim Dung vốn ngưỡng mộ, tiếng nói của Phật giáo trong tác phẩm vừa dịu dàng sâu lắng vừa thật hiển minh, quán xuyến từ đầu chí cuối tác phẩm.</div>',1,0),(11,'Anh Hùng Xạ Điêu (Trọn Bộ 4 Quyển)','sach-anh-hung-xa-dieu-bo-4-quyen_L.jpg',700000,'1000000','<div class=\"description\">Anh Hùng Xạ Điêu (Trọn Bộ 4 Quyển) - là một trong những tiểu thuyết võ hiệp của Kim Dung được đánh giá cao, được Hương Cảng Thương Báo xuất bản năm 1957. Đây là tiểu thuyết đầu tiên của Xạ Điêu Tam Bộ Khúc.</div>',1,0),(12,'Võ Lâm Ngũ Bá (Bộ 3 Tập)','sach-vo-lam-ngu-ba-bo-3-tap_L.jpg',499500,'555000','<div class=\"description\">Võ Lâm Ngũ Bá (Bộ 3 Tập) - ​Theo lời kể của Lão Ngoan Đồng Chu Bá Thông với Quách Tĩnh, trước thời kỳ của Xạ điêu anh hùng truyện, quần hùng tranh giành bí kíp võ công Cửu Âm chân kinh.</div>',1,0),(13,'Bộ Hộp Đông Chu Liệt Quốc (Trọn Bộ 3 Tập)','bo-sach-hop-dong-chu-liet-quoc-tron-bo-3-tap_L.jpg',675000,'750000','<div class=\"description\">Bộ Hộp Đông Chu Liệt Quốc (Trọn Bộ 3 Tập) là bộ tiểu thuyết đồ sộ gồm 108 hồi, phản ánh giai đoạn 550 năm bão táp của lịch sử Trung Hoa từ thời Xuân Thu đến Chiến Quốc</div>',1,0),(14,'Hộp Đông Chu Liệt Quốc (Trọn Bộ 6 Tập)','hop-dong-chu-liet-quoc-tron-bo-6-tap_L.jpg',540000,'600000','<div class=\"description\">Hộp Đông Chu Liệt Quốc (Trọn Bộ 6 Tập) là bộ tiểu thuyết đồ sộ gồm 108 hồi, phản ánh giai đoạn 550 năm bão táp của lịch sử Trung Hoa từ thời Xuân Thu đến Chiến Quốc.</div>',1,0),(15,'Cô Gái Trong Mạng Nhện','co-gai-trong-mang-nhen_L.jpg',118150,'139000','<div class=\"description\">Ra mắt độc giả từ năm 2005, bộ trường thiên tác phẩm \'Cô gái có hình xăm rồng\', \'Cô gái đùa với lửa\' cùng \'Cô gái chọc tổ ong bầu\' của tác giả Stieg Larsson đã tạo nên một cơn địa chấn với hơn 80 triệu bản trên toàn cầu và vẫn chưa hề có dấu hiệu hạ nhiệt.</div>',1,0),(16,'Thiên Môn Chi Môn','thien-mon-chi-mon-bia_L.jpg',85000,'100000','<div class=\"description\">Thiên Môn Chi Môn : Thiên Môn là một môn phái thần bí do hoàng đế thời viễn cổ Đại Vũ sáng lập nên. Võ công tuyệt kỹ của Thiên Môn không cần nổi danh thiên hạ mà vẫn đời đời tiếp nối, ảnh hưởng đến cả đại thế trong thiên hạ.</div>',1,0),(17,'Thiên Môn Chi Uy','thien-mon-chi-uy-bia_L.jpg',76500,'90000','<div class=\"description\">Thiên Môn Chi Uy : Thiên Môn công tử chưa từng cầm binh, sẽ áp dụng binh lược trên giấy ra nơi sa trường thế nào?</div>',1,0),(18,'Thiên Môn Chi Hoa','thien-mon-chi-hoa-bia_L.jpg',61200,'72000','<div class=\"description\">Thiên Môn Chi Hoa: Thiên thuật thế nào mới gọi là cao minh? Tùy tâm tùy ý, biến hóa vô thường, trước chưa từng có, sau không người theo. Đạo trong thiên thuật nằm ở chỗ đổi mới, không ngừng biến đổi phát triển, liên tục cọ sát thực tiễn.</div>',1,0),(19,'Thiên Môn Chi Hùng','thien-mon-chi-hung-bia_L.jpg',61200,'72000','<div class=\"description\">Thiên Môn Chi Hùng: Hễ là cờ bạc, ắt có lỗ hổng. Đạo lý trong đổ thuật chính là sự phát triển từ vòng tuần hoàn phá giải và phản phá giải liên tục. Có thể phát hiện ra lỗ hổng mà người khác không phát hiện được.</div>',1,0),(20,'Ma Vương Kiến Tạo - Hầm Ngục Kiên Cố Nhất...','ma-vuong-kien-tao_L.gif',83300,'98000','<div class=\"description\">Ma Vương Kiến Tạo - Hầm Ngục Kiên Cố Nhất Chính Là Thành Phố Hiện Đại (Tập 3) là cuốn sách viết về Trận Chiến giữa Ma Vương Sáng Tạo Procel và ba Ma Vương Thép, Tà, Dính. Hãy cùng nhau đọc sách để xem kết quả các bạn nhé!</div>',1,0),(21,'Biên Niên Sử Đế Chế Alexis - Kiêu Hùng Rung...','bien-nien-su-de-che-alexis-kieu-hung-rung-chuyen-dat-troi_L.jpg',86500,'108000','<div class=\"description\">Biên Niên Sử Đế Chế Alexis - Kiêu Hùng Rung Chuyển Đất Trời (Tập 4) là cuốn sách viết về chàng trai Leonart với nỗi đau mất đi quê hương đã trải qua một tuổi trẻ đầy gian khó và tủi nhục để thống nhất thiên hạ</div>',1,0),(22,'Combo Bá Hán (Bộ 10 Cuốn)','combo-ba-han-bo-10-cuon_L.jpg',539440,'613000','<div class=\"description\">Đọc Bá Hán, tiểu thuyết kỳ ảo của Long Nhân - nhà tiểu thuyết tài ba đương đại của Trung Hoa, người đọc thật sự bước vào một thế giới huyền diệu với nhiều cung bậc cảm xúc với những câu chuyện tuyệt vời của thời đại anh hùng võ hiệp.</div>',1,0),(23,'Anh Hùng Ca ( Trọn Bộ 2 Tập)','anh-hung-ca-tron-bo-2-tap_L.gif',168300,'198000','<div class=\"description\">Anh Hùng Ca ( Trọn Bộ 2 Tập) là câu truyện kiếm hiệp kể về những lần giao chiến quyết liệt giữa yêu và thần để minh chứng một điều rằng cái thiện luôn chiến thắng cái ác. Sẽ đem đến cho các bạn cảm giác hồi hộp và thích thú.</div>',1,0),(24,'Đông Chu Liệt Quốc 1 (Tái Bản 2018)','dong-chu-liet-quoc-tap-1-bia_L.gif',153000,'180000','<div class=\"description\">Đông Chu Liệt Quốc 1 bao gồm một thời kỳ lịch sử dài hơn 400 năm (thế kỷ I, V, IV, III TCN), bắt đầu từ khi Bình Vương nhà Chu dời đô sang phía đông và kết thúc với cuộc thống nhất của Tần Thủy Hoàng.</div>',1,0),(25,'Anh Hùng Ca - Tập 2','anh-hung-ca-tap-2_L.gif',84150,'99000','<div class=\"description\">Anh Hùng Ca - Tập 2 là phần tiếp theo của bộ Anh Hùng Ca, kể về quá trình chiến đấu gian lao của Tiểu Trúc và Quy Hải Minh cùng những người bạn mới để cứu Mặc Bạch\r\n</div>',1,0),(26,'Anh Hùng Ca - Tập 1','anh-hung-ca-tap-1_L.gif',84150,'99000','<div class=\"description\">Anh Hùng Ca - Tập 1 là câu chuyện kể về ba người Quy Hải Minh, Tiểu Trúc và Mặc Bạch khám phá ra những bí mật của đám người tu tiên, và vô tình giải thoát Ứng Long.</div>',1,0),(27,'Ngốc Đại Hiệp – Kungfu Mì Sợi (Tập 4)','ngoc-dai-hiep-tap-4-bia_L.jpg',101150,'119000','<div class=\"description\">Ngốc Đại Hiệp – Kungfu Mì Sợi gồm những câu chuyện dí dỏm xoay quanh cậu bé bán mì A Cửu, khi tay nghề kéo mì được luyện thành Kungfu. Câu chuyện như một đặc ân dành cho những người hướng thiện…</div>',1,0),(28,'Ngốc Đại Hiệp – Kungfu Mì Sợi (Tập 3)','ngoc-dai-hiep-tap-3_L.jpg',101150,'119000','<div class=\"description\">Ngốc Đại Hiệp – Kungfu Mì Sợi gồm những câu chuyện dí dỏm xoay quanh cậu bé bán mì A Cửu, khi tay nghề kéo mì được luyện thành Kungfu. Câu chuyện như một đặc ân dành cho những người hướng thiện…</div>',1,0),(29,'Ngốc Đại Hiệp – Kungfu Mì Sợi (Tập 2)','ngoc-dai-hiep-tap-2-bia_L.jpg',101150,'119000','<div class=\"description\">Ngốc Đại Hiệp – Kungfu Mì Sợi gồm những câu chuyện dí dỏm xoay quanh cậu bé bán mì A Cửu, khi tay nghề kéo mì được luyện thành Kungfu. Câu chuyện như một đặc ân dành cho những người hướng thiện…\r\n</div>',1,0),(30,'Ngốc Đại Hiệp – Kungfu Mì Sợi (Tập 1)','ngoc-dai-hiep-tap-1-bia_L.jpg',101150,'119000','<div class=\"description\">Ngốc Đại Hiệp – Kungfu Mì Sợi gồm những câu chuyện dí dỏm xoay quanh cậu bé bán mì A Cửu, khi tay nghề kéo mì được luyện thành Kungfu. Câu chuyện như một đặc ân dành cho những người hướng thiện…</div>',1,0),(31,'Loạn Thế Anh Hùng - Tập 3','loan-the-anh-hung-tap-3-bia_L.jpg',84150,'99000','<div class=\"description\">Loạn Thế Anh Hùng - Tập 3 là cuốn sách võ hiệp đặc sắc về một thời kỳ loạn lạc tưởng như vô cùng khốn khó nhưng lại xuất hiện các vị anh hùng để lại biết bao rung động cho người đọc.</div>',1,0),(32,'Loạn Thế Anh Hùng - Tập 2','loan-the-anh-hung-tap-2-bia_L.gif',84150,'99000','<div class=\"description\">Loạn Thế Anh Hùng - Tập 2 là cuốn sách võ hiệp đặc sắc về một thời kỳ loạn lạc tưởng như vô cùng khốn khó nhưng lại xuất hiện các vị anh hùng để lại biết bao rung động cho người đọc.</div>',1,0),(33,'Loạn Thế Anh Hùng - Tập 1','loan-the-anh-hung-tap-1-bia_L.gif',66300,'78000','<div class=\"description\">Loạn Thế Anh Hùng - Tập 1 là cuốn sách võ hiệp đặc sắc về một thời kỳ loạn lạc tưởng như vô cùng khốn khó nhưng lại xuất hiện các vị anh hùng để lại biết bao rung động cho người đọc.</div>',1,0),(34,'Hộp Sách: Đông Chu Liệt Quốc (Tái Bản 2018)','hop-sach-dong-chu-liet-quoc-bia_L.jpg',306000,'360000','<div class=\"description\">Hộp Sách: Đông Chu Liệt Quốc (Tái Bản 2018) bao gồm một thời kỳ lịch sử dài hơn 400 năm (thế kỷ I, V, IV, III TCN), bắt đầu từ khi Bình Vương nhà Chu dời đô sang phía đông và kết thúc với cuộc thống nhất của Tần Thủy Hoàng. </div>',1,0),(35,'Thủy Hử Tập 2 (Tái Bản 2018)','thuy-hu-tap-2-pts_L.gif',131750,'155000','<div class=\"description\">Thủy Hử là một áng văn chương tuyệt bút, được coi là một trong tứ đại danh tác của văn học cổ điển Trung Hoa, tác phẩm đi vào lòng người của biết bao thế hệ độc giả đến từ khắp nơi trên thế giới.</div>',1,0),(36,'Thủy Hử Tập 1 (Tái Bản 2018)','thuy-hu-tap-1_L.gif',131750,'155000','<div class=\"description\">Thủy Hử là một áng văn chương tuyệt bút, được coi là một trong tứ đại danh tác của văn học cổ điển Trung Hoa, tác phẩm đi vào lòng người của biết bao thế hệ độc giả đến từ khắp nơi trên thế giới.</div>',1,0),(37,'Thiên Môn Chi Tâm','biatrc_L.gif',65450,'77000','<div class=\"description\">Thiên Môn Chi Tâm  là quyển sách thuộc thể loại  kiếm hiệp , đưa ra khái niệm mới về \"võ hiệp\" từ cha đẻ của dòng tiểu thuyết giang hồ đấu trí Phương Bạch Vũ.</div>',1,0),(38,'Tuyết Đen','tuyet-den_L.jpg',58650,'69000','',1,0),(39,'Tây Du Ký','tay-du-ki_L.gif',66300,'78000','<div class=\"description\">\"Tây Du Ký\" kết hợp với hệ thống minh họa đẹp mắt, sống động, hy vọng tác phẩm sẽ đem lại cho các bạn đọc nhỏ tuổi những khám phá bổ ích và lý thú.</div>',1,0),(40,'Tru Tiên - Tiêu Đỉnh (Trọn Bộ 6 Tập)','tru-tien-tieu-dinh-tron-bo-6-tap_L.jpg',552000,'690000','<div class=\"description\">Tru Tiên - Tiêu Đỉnh (Trọn Bộ 6 Tập) thuộc thể loại kiếm hiệp pha tiên hiệp với cuộc đời Trương Tiểu phàm với lý tưởng, tình yêu truyền tải nội dung sâu sắc đến độc giả.</div>',1,0),(41,'Phi Hồ Ngoại Truyện - Trọn Bộ 2 Tập','phihongoai-sachkhaitam_L.jpg',208000,'260000','<div class=\"description\">Phi Hồ Ngoại Truyện - Trọn Bộ 2 Tập là một trong những bộ sách truyện tiểu thuyết của tác giả Kim Dung mang đến cho bạn đọc một  câu chuyện võ hiệp của trung quốc.</div>',1,0),(42,'Thủy Hử - Trọn Bộ 2 Cuốn','thuy-hu-tron-bo-2-tap_L.jpg',220000,'275000','<div class=\"description\">Thủy Hử - Trọn Bộ 2 Cuốn là bộ tiểu thuyết viết về câu chuyện có thật trong lịch sử trung hoa cuốn hút hàng vạn người đọc, tái hiện đầy đủ một giai đoạn lịch sử hào hùng của Trung Quốc.</div>',1,0),(43,'Tàn Chi Lệnh (Trọn Bộ 10 Tập)','tan-chi-lenh_L.jpg',259000,'324000','',1,0),(44,'Tiên Hạc Thần Kim (Trọn Bộ 9 Tập)','tien-hac-than-kim_L.jpg',251000,'314000','',1,0),(45,'Tiêu Ngạo Trung Hoa (Trọn Bộ 3 Tập)','tieu-ngao-trung-hoa_L.jpg',156800,'196000','',1,0),(46,'Cô Nhi Tuyết Hận (Trọn Bộ 6 Tập)','co-nhi-tuyet-han_L.jpg',192000,'240000','',1,0),(47,'Tiếu Ngạo Giang Hồ (Bộ Gồm 8 Cuốn)','Tieu-Ngao-Giang-Ho_L.png',767200,'1096000','<div class=\"description\">Tiếu Ngạo Giang Hồ là cuốn tiểu thuyết võ hiệp của nhà văn Kim Dung. Đây là bản dịch mới của các dịch giả: Vũ Đức Sao Biển - Trần Hải Linh - Lê Thị Anh Đào theo đúng nguyên tác đã được Kim Dung chỉnh lý, nâng cao. Nhiều chi tiết, nhân vật hoàn toàn khác biệt so với bản dịch cũ.</div>',1,0),(48,'Ỷ Thiên Đồ Long Ký (Trọn Bộ 8 Cuốn)','Y-thien-do-long-ky_L.JPG',739200,'1056000','<div class=\"description\">Ỷ Thiên Đồ Long Ký của nhà văn Kim Dung là cuốn tiểu thuyết kiếm hiệp cuối cùng trong bộ Xạ Điêu Tâm Khúc. Tiểu thuyết được xuất bản lần đầu năm 1961 tại Hồng Kông, Trung Quốc bởi Hương Cảng Thương báo và sau đó bản Tiếng Việt đã được xuất bản tại Việt Nam bởi Nhà xuất bản Văn học﻿.</div>',1,0),(49,'Truyện Lộc Đỉnh Ký (Trọn Bộ 10 Cuốn)','Truyen-Loc-Dinh-Ky_L.png',1111440,'1263000','<div class=\"description\">Truyện Lộc Đỉnh Kí là bộ tiểu thuyết cuối cùng và được xem là hay nhất của Kim Dung nói về một cậu bé- Vi Tiểu Bảo thường được so sánh với AQ của Lỗ Tấn vì nói lên tính cách chung của người Trung Quốc. Cuốn tiểu thuyết kiếm hiệp được xuất bản vào ngày 24-11-1969 trên Minh Báo và kéo dài trong 2 năm và 11 tháng cho đến ngày 23-9-1972. </div>',1,0),(50,'Anh Hùng Xạ Điêu ( Trọn Bộ 8 quyển)','Anh-Hung-Xa-Dieu-Tap-1_L.jpg',756000,'1080000','<div class=\"description\">Anh Hùng Xạ Điêu ( Trọn Bộ 4 quyển) là bộ tiểu thuyết võ hiệp nổi tiếng của Kim Dung- nhà văn Trung Quốc. </div>',1,0),(51,'Đông Chu Liệt Quốc (Trọn Bộ 3 Cuốn) - Hộp...','dong-chu-liet-quoc-tron-bo-3-tap-hop-go_L.jpg',489700,'590000','<div class=\"description\">Đông Chu liệt quốc chí là tiểu thuyết lịch sử gồm 108 hồi được Sái Nguyên Phóng thời Thanh cải biên từ Tân liệt quốc chí của Phùng Mộng Long thời Minh mạt.</div>',1,0),(52,'Giáng Tuyết Huyền Sương (Trọn Bộ 7 Tập)','giang-tuyet-huyen-suong_L.jpg',193000,'242000','',1,0),(53,'Di Hoa Tiếp Ngọc (Trọn Bộ 4 Tập)','di-hoa-tiep-ngoc_L.jpg',136000,'170000','',1,0),(54,'Hán Sở Tranh Hùng','han-so-tranh-hung_L.gif',80000,'100000','',1,0),(55,'Những Tấm Lòng Cao Cả (Bìa Da)','sach-nhung-tam-long-cao-ca-bia-da_L.jpg',89640,'108000','<div class=\"description\">Những Tấm Lòng Cao Cả (Bìa Da) là một câu chuyện giản dị, với những con người bình thường nhất nhưng nhân cách của họ, mối quan hệ của họ, cùng những tấm lòng cao cả, thánh thiện của họ mãi là những bài học đạo đức sâu sắc và đáng quý.</div>',2,0),(56,'Con Gái (Phụ Nữ)','sach-con-gai-phu-nuhtml_L.jpg',116160,'132000','<div class=\"description\">Con Gái (Phụ Nữ) - Laurens cho chúng ta thấy việc lớn lên của người con gái là một bị kịch sử thi, một cơn ác mộng kiêu , một vở kịch hấp dẫn.</div>',2,0),(57,'Không Gia Đình Bìa Da (Bìa Cứng)','khong-gia-dinh-bia-da-bia-cung_L.jpg',222440,'268000','<div class=\"description\">Không Gia Đình Bìa Da (Bìa Cứng) - Qua câu chuyện phiêu lưu hết sức hấp dẫn của chú bé Rémi, người ta thấy quyển sách ca ngợi lao động, ca ngợi tinh thần tự lập tự tin của tuổi trẻ, phát huy ý thức chịu đựng gian khổ, ca ngợi lao động nghệ thuật, khuyến khích tình bạn chân chính.</div>',2,0),(58,'Hoàng Tử Bé (Sbooks)','hoang-tu-be-antoine-de-saint-exupery-sbooks_L.jpg',74800,'88000','<div class=\"description\">Hoàng Tử Bé (Sbooks) - Trong một lần đáp chuyến bay bất đắc dĩ xuống sa mạc Sahara – một nơi không thuộc về nền văn minh hiện tại, người phi công đã được chạm mặt với Hoàng tử bé. Hoàng tử có mái tóc vàng, đáng yêu và không ngừng đưa ra những câu hỏi...</div>',2,0),(59,'Dorothy Và Xứ Oz Diệu Kỳ - Tập 4: Dorothy...','dorothy-va-xu-oz-dieu-ky-tap-4-dorothy-va-phu-thuy-xu-oz-1_L.jpg',101150,'119000','<div class=\"description\">Dorothy Và Xứ Oz Diệu Kỳ - Tập 4: Dorothy Và Phù Thuỷ Xứ Oz - Bộ sách này bao gồm 6 tập truyện miêu tả trọn vẹn cuộc phiêu lưu kỳ ảo của cô bé Dorothy từ khi bắt đầu đến khi cô bé quyết định ở lại xứ Oz mãi mãi.</div>',2,0),(60,'Những Người Phụ Nữ Bé Nhỏ (Bìa Cứng)','nhung-nguoi-phu-nu-be-nho-bia-cung_L.jpg',339150,'399000','<div class=\"description\">Những Người Phụ Nữ Bé Nhỏ (Bìa Cứng) - Tác phẩm được xem là tiểu thuyết bán tự truyện, được nữ văn sĩ lấy cảm hứng và chất liệu từ cuộc sống thời thơ ấu của chính mình và ba người chị em của bà.\r\n</div>',2,0),(61,'Hai Mươi Tư Con Mắt - Bản Phổ Thông -...','hai-muoi-tu-con-mat-ban-pho-thong-bia-cung_L.jpg',221000,'260000','<div class=\"description\">Hai Mươi Tư Con Mắt - Bản Phổ Thông - Bìa Cứng -  Cuốn sách mang đến giá trị hiện thực và nhân văn sâu sắc về tình cô trò thiêng liêng, trở thành một trong những tiểu thuyết về đề tài phản chiến hay nhất của văn học Nhật.</div>',2,0),(62,'Dorothy Và Xứ Oz Diệu Kỳ - Bìa Cứng','5_L.jpg',578000,'680000','<div class=\"description\">Dorothy Và Xứ Oz Diệu Kỳ - Bìa Cứng  - Những độc giả nhỏ tuổi hẳn sẽ say mê với cánh đồng hoa anh túc rực rỡ hay bật cười trước cảnh đàn chuột đồng giải nguy cho Sư Tử Nhút Nhát.</div>',2,0),(63,'Combo Bá Tước Monte Cristo (Bộ 3 Tập)','sach-sach-combo-ba-tuoc-monte-cristo-bo-3-tap_L.jpg',522750,'615000','<div class=\"description\">Combo Bá Tước Monte Cristo (Bộ 3 Tập) - Lấy bối cảnh nước Pháp thời Napoleon, cuốn sách xoay quanh các chủ đề về công lý, sự trả thù, tình yêu và sự tha thứ.</div>',2,0),(64,'Bá Tước Monte Cristo - Tập 3','sach-ba-tuoc-monte-cristo-tap-3_L.jpg',169150,'199000','<div class=\"description\">Bá Tước Monte Cristo - Tập 3 - Bản thân cuốn tiểu thuyết này, với cách kể chuyện không lẫn vào đâu được và vô số tình tiết hào sảng lôi cuốn, níu giữ độc giả ở lại trong sự mê hoặc kỳ diệu của mỗi trang sách.</div>',2,0),(65,'Bá Tước Monte Cristo - Tập 2','sach-ba-tuoc-monte-cristo-tap-2_L.jpg',176800,'208000','<div class=\"description\">Bá Tước Monte Cristo - Tập 2 - Bản thân cuốn tiểu thuyết này, với cách kể chuyện không lẫn vào đâu được và vô số tình tiết hào sảng lôi cuốn, níu giữ độc giả ở lại trong sự mê hoặc kỳ diệu của mỗi trang sách.\r\n</div>',2,0),(66,'Bá Tước Monte Cristo - Tập 1','sach-ba-tuoc-monte-cristo-tap-1_L.jpg',176800,'208000','<div class=\"description\">Bá Tước Monte Cristo - Tập 1 - Bản thân cuốn tiểu thuyết này, với cách kể chuyện không lẫn vào đâu được và vô số tình tiết hào sảng lôi cuốn, níu giữ độc giả ở lại trong sự mê hoặc kỳ diệu của mỗi trang sách.\r\n</div>',2,0),(67,'Sử Ký Bản Kỷ (Bìa Cứng)','sach-su-ky-ban-ky-bia-cung_L.jpg',272240,'328000','<div class=\"description\">Sử Ký Bản Kỷ (Bìa Cứng) - Mới đầu có tên là Thái sử công thư hoặc Thái sử ký, là bộ sách sử thể truyện kỷ, do nhà sử học, tản văn học thời Tây Hán Tư Mã Thiên viết.</div>',2,0),(68,'Khổng Minh Toàn Truyện (Bìa Cứng)','sach-khong-minh-toan-truyen-bia-cung_L.jpg',363540,'438000','<div class=\"description\">Khổng Minh Toàn Truyện (Bìa Cứng) - Gồm 13 chương: Chương 1: Thời loạn ẩn náu ngọa long cương, Chương 2: Phò chúa, cùng đi khắp bốn phương,...</div>',2,0),(69,'Binh Pháp Tôn Tử - Tuyệt Tác Binh Thư Hàng...','binh-phap-ton-tu-tuyet-tac-binh-thu-hang-dau-the-gioi-duoi-cach-nhin-hien-dai_L.jpg',259200,'288000','<div class=\"description\">Sách Binh Pháp Tôn Tử - Tuyệt Tác Binh Thư Hàng Đầu Thế Giới Dưới Cách Nhìn Hiện Đại ra đời vào cuối thời Xuân Thu, không chỉ đặt nền móng cho binh học truyền thống, mà còn sáng tạo nên một hệ thống lý luận quân sự hoàn chỉnh đầu tiên trong lịch sử.</div>',2,0),(70,'Lời Cỏ Cây - Bàn Về Thân Phận Con Người...','loi-co-cay-ban-ve-than-phan-con-nguoi-trong-cuoc-doi_L.jpg',96030,'99000','<div class=\"description\">Lời Cỏ Cây - Bàn Về Thân Phận Con Người Trong Cuộc Đời -Tác phẩm ra đời như một phương thuốc xoa dịu nỗi đau của chiến tranh, chữa lành những tổn thương, nỗi cô độc của người Hungari đương thời...\r\n</div>',2,0),(71,'Cõi Người Dưng - Đời Du Dân Mỹ Thế Kỷ...','coi-nguoi-dung-doi-du-dan-my-the-ky-21_L.jpg',158400,'180000','<div class=\"description\">Cõi Người Dưng - Đời Du Dân Mỹ Thế Kỷ 21 - giữa thiên niên kỷ thứ hai, một bộ lạc du mục mới đang dần thành hình. Những con người chưa từng nghĩ mình rồi sẽ trở thành du dân giờ lại phải lên đường. Họ từ bỏ nhà cửa và những căn hộ trước đây để vào sống trong “di động sản”...\r\n</div>',2,0),(72,'Đắc Nhân Tâm  (AZ)','dac-nhan-tam-az_L.png',92650,'109000','<div class=\"description\">Đắc Nhân Tâm  (AZ) - là một trong những cuốn sách về chủ đề nghệ thuật ứng xử và giao tiếp thành công nhất, bán chạy nhất và được biết đến nhiều nhất cho đến tận ngày nay..</div>',2,0),(73,'Con Nhân Mã Ở Trong Vườn (Linh Lan)','con-nhan-ma-o-trong-vuon_L.jpg',177650,'209000','<div class=\"description\">Con Nhân Mã Ở Trong Vườn - ​Có hai loại hạnh phúc ở trên đời. Hạnh phúc được hơn người khác và hạnh phúc được như người khác. Dạng hạnh phúc thứ hai giản dị hơn nhưng đôi khi lại xa vời hơn. Bạn đọc đang cầm trong tay một cuốn tiểu thuyết lớn, đủ sức khám phá những ngóc ngách kì bí của niềm hạnh phúc này.</div>',2,0),(74,'Bốn Ngọn Gió - The Four Winds','sach-bon-ngon-gio-the-four-winds_L.png',242250,'285000','<div class=\"description\">Bốn Ngọn Gió - The Four Winds -  Là một bức chân dung không thể xóa nhòa về nước Mỹ và Giấc mơ Mỹ, được nhìn qua con mắt của một người phụ nữ bất khuất, người có lòng dũng cảm và sự hy sinh sẽ định hình nên một thế hệ.</div>',2,0),(75,'Combo Tiểu Thuyết Kinh Điển Dan Brown: Điểm Dối Lừa...','combo-tieu-thuyet-kinh-dien-dan-brown-diem-doi-lua-phao-dai-so-nguon-coi-bieu-tuong-that-truyen-thien-than-va-ac-quy-bo-5-cuon_L.jpg',986850,'1161000','<div class=\"description\">Combo Tiểu Thuyết Kinh Điển Dan Brown: Điểm Dối Lừa + Pháo Đài Số + Nguồn Cội + Biểu Tượng Thất Truyền + Thiên Thần Và Ác Quỷ (Bộ 5 Cuốn) - Dan Brown không chỉ là bậc thầy trong việc khám phá ra những bí mật của thế giới xung quanh, mà còn có biệt tài biến tác phẩm của mình thành tập hợp câu đố đầy kích thích, gây cho người đọc sự tò mò cũng như ngỡ ngàng cao độ. </div>',2,0),(76,'Không Gia Đình (Hồng Ân)','sach-khong-gia-dinh-hong-an_L.jpg',104000,'130000','<div class=\"description\">Không Gia Đình (Hồng Ân) - Kể về số phận đặc biệt của một đứa trẻ không cha không mẹ có tên là Remi. Ngay từ nhỏ, Remi đã phải rơi vào nhiều tình cảnh éo le khiến cậu phải làm bạn với những con vật như chó, khỉ trong một gánh xiếc rong và phải rong ruổi khắp nơi để mưu sinh.\r\n</div>',2,0),(77,'Sông Đông Êm Đềm (Trọn Bộ 2 Tập)','song-dong-em-dem-tron-bo-2-tap_L.jpg',467500,'550000','<div class=\"description\">Sông Đông Êm Đềm (Trọn Bộ 2 Tập) - Là bộ tiểu thuyết vĩ đại nhất của nhà văn Nga Mikhail  Aleksandrovich Sholokhov. Với tác phẩm này, Sholokhov đã được tặng Giải Nobel văn học năm 1965.</div>',2,0),(78,'Những Vụ Kỳ Án Của Sherlock Holmes','nhung-vu-ky-an-cua-sherlock-holmes_L.jpg',140400,'180000','',2,0),(79,'Sử ký: Bản kỷ - Biểu','sach-su-ky-ban-ky-bieu_L.jpg',339150,'399000','<div class=\"description\">Sử ký: Bản kỷ - Biểu - Bản kỷ là phần đầu tiên của Sử ký, gồm cả thảy mười hai thiên, chép việc từ thời Ngũ Đế cho  tới  thời Hán  Vũ  Đế. Về ý nghĩa của từ “bản kỷ”, đại để có thể hiểu bản</div>',2,0),(80,'Truyện cổ Andersen ( Đinh Tị )','sach-truyen-co-andersen-dinh-ti_L.jpg',67150,'79000','<div class=\"description\">Truyện cổ Andersen ( Đinh Tị ) - Được dịch từ bản in năm 1911 của nhà xuất bản Hodder &amp; Stoughton, LonDon, UK, minh họa bởi Edmund Dulac, cuốn Truyện cổ Andersen này gồm những câu chuyện đã trở thành kinh điển : Bà Chúa Tuyết. Nàng tiên cá, Nàng công chúa và hạt dậu, Bộ quần áo mới của Hoàng Đế, Khu vườn Địa Đàng…..\r\n</div>',2,0),(81,'Hoàng Tử Bé (Phụ Nữ)','sach-hoang-tu-be-phu-nu_L.jpg',78320,'89000','<div class=\"description\">Hoàng Tử Bé (Phụ Nữ) - Tác phẩm nổi tiếng nhất, được yêu mến nhất của Saint-Exupéry cùng hơn 200 triệu bản in trên toàn thế giới và được coi là một trong những tác phẩm bán chạy nhất của nhân loại.</div>',2,0),(82,'Hai Số Phận (Bìa Cứng)','sach-hai-so-phan-bia-cung_L.jpg',199750,'235000','<div class=\"description\">Hai Số Phận không chỉ đơn thuần là một cuốn tiểu thuyết, đây có thể xem là “thánh kinh” cho những người đọc và suy ngẫm, những ai không dễ dãi, không chấp nhận lối mòn.</div>',2,0),(83,'Truyện Kiều - Văn Học Việt Nam Thế Kỷ XIX','truyen-kieu-van-hoc-viet-nam-the-ky-xix_L.jpg',33600,'40000','<div class=\"description\">Truyện Kiều - Văn Học Việt Nam Thế Kỷ XIX - Văn học cổ điển dành cho các bạn trẻ đọc thêm để giữ gìn và phát huy những tinh túy của văn học Việt Nam, đồng thời hiểu biết thêm một số tiếng Nôm thường gặp trong thơ văn cổ.</div>',2,0),(84,'Tây Du Ký Tiền Truyện - Bìa Mềm','sach-tay-du-ky-tien-truyen_L.jpg',175120,'199000','<div class=\"description\">Tây Du Ký Tiền Truyện - Để hiểu rõ hơn quá trình hình thành và diễn hóa câu chuyện Tây du ký, chúng tôi quyết định tiến hành phiên dịch các tác phẩm tiền thân của Tây du ký, hợp thành tập Tây du ký tiền truyện. Mong rằng với việc cung cấp các dị bản khác của câu chuyện Tây du ký, độc giả sẽ hiểu thêm đôi chút về một tác phẩm lớn được yêu thích của cổ văn Trung Quốc. </div>',2,0),(85,'Tủ Sách Đời Người - Truyện Cổ Nhật Bản','sach-tu-sach-doi-nguoi-truyen-co-nhat-ban_L.jpg',183920,'209000','<div class=\"description\">Tủ Sách Đời Người - Truyện Cổ Nhật Bản - Cuốn sách tổng hợp những câu chuyện văn học dân gian lâu đời tại quốc gia này.</div>',2,0),(86,'Ô Nhục','sach-o-nhuc_L.jpg',118150,'139000','<div class=\"description\">Ô Nhục - Câu chuyện xoay quanh nhân vật chính là David – một giáo sư, trí thức người da trắng, sống cuộc đời cô độc, luôn khao khát tình.dục. </div>',2,0),(87,'Combo Trọn Bộ Hai Số Phận + Đứa Con Gái...','sach-combo-tron-bo-hai-so-phan-dua-con-gai-hoang-dang-ba-tong-thong-truoc-hong-sung-bo-3-cuon-1_L.jpg',500650,'589000','<div class=\"description\">Combo Trọn Bộ Hai Số Phận + Đứa Con Gái Hoang Đàng + Bà Tổng Thống Trước Họng Súng (Bộ 3 Cuốn) - Khi bạn yêu thích bộ tác phẩm văn học này, người ta sẽ nhìn ra cá tính và tâm hồn thú vị của bạn!</div>',2,0),(88,'Nguồn Cội','nguon-coi_L.jpg',254150,'299000','<div class=\"description\">Nguồn Cội - Trên một hành trình được đánh dấu bởi các tác phẩm nghệ thuật hiện đại và các ký hiệu bí ẩn, Langdon và Vidal đã tìm ra những manh mối cuối cùng đưa họ đối mặt với khám phá gây sốc của Kirsch... và sự thật mà từ lâu chúng ta đã tìm kiếm.</div>',2,0),(89,'Điểm Dối Lừa','sach-diem-doi-lua_L.jpg',174250,'205000','<div class=\"description\">Điểm Dối Lừa - Một cuộc đấu trí khốc liệt diễn ra ngay trên biển cả bao la. </div>',2,0),(90,'Pháo Đài Số','sach-phao-dai-so_L.jpg',169150,'199000','<div class=\"description\">Pháo Đài Số - Câu chuyện khắc họa một trong những cơ quan tình báo có ảnh hưởng nhất trên thế giới, quyền lực hơn cả CIA. </div>',2,0),(91,'Thiên Thần Và Ác Quỷ','sach-thien-than-va-ac-quy_L.jpg',203150,'239000','<div class=\"description\">Thiên Thần Và Ác Quỷ - Câu chuyện bắt đầu với Robert Langdon, được bí mật mời tới trung tâm nghiên cứu Hạt nhân Châu Âu – cơ quan nghiên cứu khoa học lớn nhất thế giới – để làm sáng tỏ cái chết của nhà vật lý học Leonardo Vetra. </div>',2,0),(92,'Biểu Tượng Thất Truyền','sach-bieu-tuong-that-truyen_L.jpg',186150,'219000','<div class=\"description\">Biểu Tượng Thất Truyền - Cuốn sách đưa người đọc song hành cùng nhà biểu tượng học lừng danh Robert Langdon trong cuộc hành trình tới thủ đô nước Mỹ và khám phá bức màn bí mật về Hội Tam Điểm, cuốn quanh mình vô vàng biểu tượng và truyền thuyết kỳ bí.</div>',2,0),(93,'Bà Tổng Thống Trước Họng Súng (Hai Số Phận -...','sach-ba-tong-thong-truoc-hong-sung-hai-so-phan-phan-3_L.jpg',143650,'169000','<div class=\"description\">Bà Tổng Thống Trước Họng Súng (Hai Số Phận - Phần 3) - Florentyna Kane đã được bầu làm Tổng thống – vị nữ Tổng thống đầu tiên của Hợp chủng quốc Hoa Kỳ, tuy nhiên, những kẻ chống đối bà đang âm mưu khiến bà phải im lặng mãi mãi.</div>',2,0),(94,'Đứa Con Gái Hoang Đàng (Hai Số Phận - Phần...','sach-dua-con-gai-hoang-dang-hai-so-phan-phan-2_L.jpg',157250,'185000','<div class=\"description\">Đứa Con Gái Hoang Đàng (Hai Số Phận - Phần 2) - Tiếp nối cuốn tiểu thuyết nổi tiếng HAI SỐ PHẬN về William Kane và Abel Rosnovski, cuốn sách này là một câu chuyện được chắp bút của thế hệ tiếp theo. </div>',2,0),(95,'Bức Tranh Dorian Gray','sach-buc-tranh-dorian-gray_L.jpg',143650,'169000','<div class=\"description\">Bức Tranh Dorian Gray - Cuốn sách đã vượt xa khỏi những tranh cãi ban đầu, khỏi vòng đời một cuốn tiểu thuyết thông thường, trở thành nguồn cảm hứng bất tận cho điện ảnh, âm nhạc, hội họa…</div>',2,0),(96,'Sử Ký Tư Mã Thiên - Bản Dịch Quốc Ngữ...','sach-su-ky-tu-ma-thien-ban-dich-quoc-ngu-dau-tien-nam-giap-than-1944_L.jpg',140250,'165000','<div class=\"description\">Sử Ký Tư Mã Thiên - Bản Dịch Quốc Ngữ Đầu Tiên Năm Giáp Thân (1944) - Tác phẩm vĩ đại này ghi lại lịch sử Trung Hoa trên dưới hai ngàn năm, từ thời Hoàng Đế trong huyền thoại đến vua Hiếu Vũ nhà Tây Hán. </div>',2,0),(97,'Lấy Nước Đường Xa (Phiên Bản Sinh Nhật 15 Năm...','sach-lay-nuoc-duong-xa-phien-ban-sinh-nhat-15-nam-thaihabooks_L.jpg',84150,'99000','<div class=\"description\">Lấy Nước Đường Xa (Phiên Bản Sinh Nhật 15 Năm ThaihaBooks) - Cuốn tiểu thuyết dựa trên một câu chuyện có thật tại Châu Phi. Hai câu chuyện đan xen nhau kể về hai đứa trẻ tại Sudan.</div>',2,0),(98,'Thời Thơ Ấu Dài Lâu - Nguyễn Nhật Ánh -...','sach-thoi-tho-au-dai-lau-nguyen-nhat-anh-boxset-xanh-ngot-ngao-bo-24-cuon_L.jpg',2327500,'2450000','<div class=\"description\">Thời Thơ Ấu Dài Lâu - Nguyễn Nhật Ánh - Boxset Xanh Ngọt Ngào (Bộ 24 Cuốn) - Tổng hợp những tựa sách hay nhất của nhà văn Nguyễn Nhật Ánh.</div>',2,0),(99,'Thời Thơ Ấu Dài Lâu - Nguyễn Nhật Ánh -...','sach-thoi-tho-au-dai-lau-nguyen-nhat-anh-boxset-vang-am-ap-bo-24-cuon_L.jpg',940500,'990000','<div class=\"description\">Thời Thơ Ấu Dài Lâu - Nguyễn Nhật Ánh - Boxset Vàng Ấm Áp (Bộ 24 Cuốn) - Tổng hợp những tựa sách hay nhất của nhà văn Nguyễn Nhật Ánh.</div>',2,0),(100,'Kim Các Tự','sach-kim-cac-tu_L.jpg',170000,'200000','<div class=\"description\">Kim Các Tự - “Tôi hầu như ngây say với ý nghĩ ngọn lửa thiêu hủy tôi cũng là ngọn lửa sẽ hủy thiêu Kim Các. Cùng chịu một kiếp nạn, một vận mệnh của ngọn lửa tai họa, Kim Các và cõi thế nơi tôi sống sẽ cùng thuộc một chiều không gian.\"</div>',2,0),(101,'Combo Tủ Sách Đời Người - Truyện Cổ Nước Nam...','sach-combo-tu-sach-doi-nguoi-truyen-co-nuoc-nam-bo-2-cuon_L.jpg',218240,'248000','<div class=\"description\">Combo Tủ Sách Đời Người - Truyện Cổ Nước Nam (Bộ 2 Cuốn) - Bộ sách tập hợp hơn 200 truyện cổ, sự tích về con người và muôn loài nước Việt đã lưu truyền trong đời sống dân gian từ xa xưa cho đến tận ngày nay.</div>',2,0),(102,'Tủ Sách Đời Người - Truyện Cổ Dân Gian Nga','sach-tu-sach-doi-nguoi-truyen-co-dan-gian-nga_L.jpg',87120,'99000','<div class=\"description\">Tủ Sách Đời Người - Truyện Cổ Dân Gian Nga - Tuyển tập các truyện cổ tích và truyện dân gian của Nga. </div>',2,0),(103,'Tủ Sách Đời Người - Truyện Cổ Nước Nam: Quyển...','sach-tu-sach-doi-nguoi-truyen-co-nuoc-nam-quyen-ha-muong-chim_L.jpg',113520,'129000','<div class=\"description\">Tủ Sách Đời Người - Truyện Cổ Nước Nam: Quyển Hạ - Muông Chim - Một công trình lớn của Nguyễn Văn Ngọc, sưu tầm và phóng tác theo những truyện cổ tích, truyện ngụ ngôn dân gian và truyện cười dân gian.</div>',2,0),(104,' Tủ Sách Đời Người - Thơ Ngụ Ngôn La Fontaine','sach-tu-sach-doi-nguoi-tho-ngu-ngon-la-fontaine_L.jpg',69520,'79000','<div class=\"description\"> Tủ Sách Đời Người - Thơ Ngụ Ngôn La Fontaine - Tác phẩm gồm trên 60 truyện thơ với văn phong dí dỏm và hàm súc đa nghĩa. </div>',2,0),(105,'Tủ Sách Đời Người - Truyện Cổ Nước Nam: Quyển...','sach-tu-sach-doi-nguoi-truyen-co-nuoc-nam-quyen-thuong-nguoi-ta_L.jpg',104720,'119000','<div class=\"description\">Tủ Sách Đời Người - Truyện Cổ Nước Nam: Quyển Thượng - Người Ta - Một công trình lớn của Nguyễn Văn Ngọc, sưu tầm và phóng tác theo những truyện cổ tích, truyện ngụ ngôn dân gian và truyện cười dân gian.</div>',2,0),(106,'Tủ Sách Đời Người - Truyện Kiều','sach-tu-sach-doi-nguoi-truyen-kieu_L.jpg',122320,'139000','<div class=\"description\">Tủ Sách Đời Người - Truyện Kiều - Đây được xem là truyện thơ nổi tiếng nhất và xét vào hàng kinh điển trong văn học Việt Nam, dựa theo tiểu thuyết Kim Vân Kiều truyện của Thanh Tâm Tài Nhân, một thi sĩ thời nhà Minh, Trung Quốc.</div>',2,0),(107,'Hoàng Tử Và Chú Bé Nghèo Khổ','sach-hoang-tu-va-chu-be-ngheo-kho_L.jpg',102960,'132000','<div class=\"description\">Hoàng Tử Và Chú Bé Nghèo Khổ - Câu chuyện về hoàng tử Edward và chú bé ăn mày Tom đã được nhà văn Mar Twain tạo dựng thành một thế giới khác, vừa đan xen lịch sử, vừa thêu dệt những tình tiết lóng lánh, đẹp đẽ, thu hút hàng triệu độc giả trên thế giới.</div>',2,0),(108,'Tuyển Tập Truyện Ngắn Sherlock Holmes - Tập 1','sach-tuyen-tap-truyen-ngan-sherlock-holmes-tap-1_L.jpg',73320,'94000','<div class=\"description\">Tuyển Tập Truyện Ngắn Sherlock Holmes - Tập 1 - Tuyển tập lần này, người dịch tuyển chọn và giới thiệu đến độc giả những tác phẩm truyện ngắn đặc sắc nhất về Sherlock Holmes.</div>',2,0),(109,'Oliver Twist (Đông A) (Bìa Hoa)','sach-oliver-twist-dong-a_L.jpg',135000,'150000','<div class=\"description\">Oliver Twist (Đông A) (Bìa Hoa) - Cuộc đấu tranh giữa thiện và ác cùng những tấm lòng lương thiện sáng lên trên từng trang sách đã lôi cuốn nhiều thế hệ độc giả từ trẻ em đến người lớn.</div>',2,0),(110,'Túp Lều Bác Tom (Đông A) (Bìa Hoa)','sach-tup-leu-bac-tom-dong-a_L.jpg',108000,'120000','<div class=\"description\">Túp Lều Bác Tom (Đông A) (Bìa Hoa) - Câu chuyện về bác Tom là một nô lệ da đen trung thực, ngay thẳng và trọng danh dự nhưng cuộc đời lại chịu nhiều đau đớn và tủi nhục.</div>',2,0),(111,'Truyện Kiều (Cửu Đức)','sach-truyen-kieu-cuu-duc_L.jpg',339500,'350000','<div class=\"description\">Truyện Kiều (Cửu Đức) - Gần 200 năm nay, Truyền Kiều đã chiếm một vị trí đặc biệt trong đời sống tinh thần của người dân Việt Nam. Có rất nhiều đề tài nghiên cứu lớn về các vấn đề xoay quanh Truyện Kiều. </div>',2,0),(112,'Những Người Khốn Khổ (Trọn Bộ 3 Tập - Bìa...','nhung-nguoi-khon-kho_L.jpg',351090,'423000','',2,0),(113,'Nhà Thờ Đức Bà Paris (Tiểu Thuyết)','792852845499_L.jpg',131970,'159000','',2,0),(114,'Tiếng Gọi Nơi Hoang Dã (Bìa cứng)','tieng-goi-noi-hoang-gia-1_L.jpg',59760,'72000','<div class=\"description\">Tiếng Gọi Nơi Hoang Dã (nguyên bản tiếng Anh: The Call of the Wild) là tiểu thuyết của nhà văn Mỹ Jack London.Chuyện kể về những chuyến phiêu lưu mạo hiểm của chú chó Bấc trung thành. </div>',2,0),(115,'Nhà Giả Kim','nha-gia-kim_L.jpg',67150,'79000','<div class=\"description\">Nhà Giả Kim là cuốn tiểu thuyết nổi tiếng của Paulo Coelho được tác giả Lê Chu Cầu dịch ra từ bản tiếng Đức. Là một trong những cuốn sách văn học nước ngoài bán chạy nhất mọi thời đại, mang ý nghĩa thúc giục bạn đọc theo đuổi hoài bão, giấc mơ của mình. </div>',2,0),(116,'Kiêu Hãnh Và Định Kiến (Nhã Nam)','sach-kieu-hanh-va-dinh-kien-nha-nam_L.jpg',98600,'116000','<div class=\"description\">Kiêu Hãnh Và Định Kiến (Nhã Nam) - Câu chuyện tình sôi nổi nơi miền quê nước Anh và cũng là một bản châm biếm sắc sảo hóm hỉnh và một viên ngọc quý trong kho tàng Anh ngữ.</div>',2,0),(117,'Anne Tóc Đỏ Dưới Mái Nhà Bạch Dương','sach-anne-toc-do-duoi-mai-nha-bach-duong_L.jpg',90100,'106000','<div class=\"description\">Anne Tóc Đỏ Dưới Mái Nhà Bạch Dương - giúp người đọc nhìn sự việc dưới góc nhìn của Anne – một phá cách đáng yêu so với các cuốn khác trong bộ.</div>',2,0),(118,'Truyện Cổ Grimm - Bản Cao Cấp','truyen-co-grimm-ban-cao-cap_L.jpg',612000,'680000','<div class=\"description\">Truyện Cổ Grimm - Bản Cao Cấp - Năm 1812, ấn bản đầu tiên của tập truyện “Kinder-und Hausmärchen” (Chuyện kể cho trẻ em và trong gia đình) ra đời tại Berlin, và lập tức gây được tiếng vang trong cộng đồng những nhà nghiên cứu ở Đức.</div>',2,0),(119,'Sử Ký - Tư Mã Thiên (Alpha Books)','sach-su-ky-tu-ma-thien-alpha-books_L.jpg',245520,'279000','<div class=\"description\">Sử Ký - Tư Mã Thiên (Alpha Books) - là công trình sử học lớn nhất của Trung Quốc và là một trong những quyển sử nổi tiếng nhất của thế giới. Là một tác phẩm đồ sộ, có tất cả 52 vạn chữ, 130 thiên, gồm năm phần.</div>',2,0),(120,'Những Cuộc Phiêu Lưu Của Huckleberry Finn (Minh Long)','sach-nhung-cuoc-phieu-luu-cua-huckleberry-finn-minh-long_L.jpg',64740,'83000','<div class=\"description\">Những Cuộc Phiêu Lưu Của Huckleberry Finn (Minh Long) - không chỉ là một câu chuyện kể về những cuộc phiêu lưu ly kỳ của hai chàng thanh niên, một da đen, một da trắng.</div>',2,0),(121,'Trăm Năm Cô Đơn (Nhã Nam)','sach-tram-nam-co-don-nha-nam_L.jpg',143650,'169000','<div class=\"description\">Trăm Năm Cô Đơn (Nhã Nam) - là câu chuyện về dòng họ Buênđya tồn tại bảy thế hệ, người đầu tiên bị trói vào gốc cây và người cuối cùng bị kiến ăn, một dòng họ tự lưu đày vào cõi cô đơn để trốn tội loạn luân.</div>',2,0),(122,'Tuyển Tập Truyện Cổ Grimm (Dịch Từ Nguyên Bản Tiếng...','sach-tuyen-tap-truyen-co-grimm-dich-tu-nguyen-ban-tieng-duc_L.jpg',131750,'155000','<div class=\"description\">Tuyển Tập Truyện Cổ Grimm (Dịch Từ Nguyên Bản Tiếng Đức) kèm theo minh họa màu sinh động, giúp các em hình dung rõ nét hơn về không gian cổ tích Grimm màu nhiệm, li kì, đầy ắp bất ngờ.</div>',2,0),(123,'Oliver Twist (Nhã Nam)','sach-oliver-twist-nha-nam_L.jpg',136000,'160000','<div class=\"description\">Oliver Twist (Nhã Nam) - Từ trại tế bần đến hang ổ trộm cướp ở London, ra hang hùm vào hang cọp, cuộc đời cậu bé chín tuổi Oliver Twist có lẽ là một trong những câu chuyện khắc nghiệt nhất, đau lòng nhất từng được viết trên giấy.</div>',2,0),(124,'Tam Quốc Diễn Nghĩa (Trọn Bộ 13 Tập)','tam-quoc-dien-nghia-tron-bo-13-tap_L.jpg',351000,'390000','<div class=\"description\">Tam Quốc Diễn Nghĩa (Trọn Bộ 13 Tập) là một trong những tiểu thuyết ra đời sớm nhất, được phổ biến rộng rãi và được nhân dân Trung Quốc và thế giới yêu thích.</div>',2,0),(125,'Bộ Hộp Văn Nhân Việt Nam (1930-1945)','sach-bo-hop-van-nhan-viet-nam-1930-1945_L.jpg',274560,'352000','<div class=\"description\">Bộ Hộp Văn Nhân Việt Nam (1930-1945) - Bộ sách tập hợp 6 tác phẩm xuất sắc gắn liền với sáu tên tuổi quen thuộc.\r\n</div>',2,0),(126,'Hai Vạn Dặm Dưới Đáy Biển (Tân Việt)','sach-hai-van-dam-duoi-day-bien-tan-viet_L.jpg',116000,'145000','<div class=\"description\">Hai Vạn Dặm Dưới Đáy Biển (Tân Việt) - Qua tác phẩm này có thể thấy, Verne có một trí tưởng tượng vô cùng sống động khi mô tả một chiếc tàu ngầm trước cả khi con người đưa ra khái niệm về tàu ​​ngầm.</div>',2,0),(127,'Không Gia Đình (Tân Việt)','khong-gia-dinh_L.jpg',128000,'160000','<div class=\"description\">Không Gia Đình - Cuốn sách là một tác phẩm hay và hấp dẫn với cốt truyện không hề trùng lặp phong cách viết sáng tạo.</div>',2,0),(128,'Kim Túy Tình Từ (Truyện Kiều)','kim-tuy-tinh-tu-truyen-kieu_L.jpg',72000,'90000','<div class=\"description\">Kim Túy Tình Từ (Truyện Kiều) in ra cho tài nhản tao khách xem chung, ngỏ biết ý nhiệm màu, lời tao nhã và khuôn linh sắp đặt cho người đời, ít ai tròn qua trời đặng.</div>',2,0),(129,'Truyện Thúy Kiều (Đoạn Trường Tân Thanh)','truyen-thuy-kieu-nguyen-du_L.gif',88000,'110000','<div class=\"description\">Truyện Thúy Kiều (Đoạn Trường Tân Thanh) Đây là bản sách có thể thoả mãn được mong muốn của người đọc do sự công phu và khoa học của người hiệu khảo và minh hoạ.</div>',2,0),(130,'Anne Tóc Đỏ Làng Avonlea','bia_L.jpg',95200,'112000','<div class=\"description\">Anne từng bước trưởng thành nhưng vẫn không thôi là Anne thánh thiện, lạc quan và căng tràn sức sống – nguồn cảm hứng tinh khôi quyến rũ biết bao thế hệ bạn đọc đủ mọi lứa tuổi trên khắp thế giới.</div>',2,0),(131,'Đảo Giấu Vàng (Đông A) (Bìa Hoa)','dao-giau-vang-dong-a-1_L.jpg',90000,'100000','<div class=\"description\">Đảo Giấu Vàng (Đông A) (Bìa Hoa) - Sách là một chuyến phiêu lưu của cậu bé Jim Hawkin cùng những người bạn của mình đi tìm kho báu của băng cướp biển Flint.</div>',2,0),(132,'Cuộc Đời Của Pi','cuoc-doi-cua-pi_L.jpg',93500,'110000','<div class=\"description\">Với Trí tưởng tượng không giới hạn, vốn hiểu biết dày dặn, sự trải nghiệm sâu rộng, nghệ thuật kể chuyện bậc thầy, đó là những yếu tố đã giúp Yann Martel viết nên một trong những cuốn sách đáng đọc nhất của  văn học thế giới đương đại</div>',2,0),(133,'Thần Thoại Bắc Âu','than-thoai-bac-au-bia_L.jpg',93500,'110000','<div class=\"description\">Thần Thoại Bắc Âu xâu chuỗi những mẩu chuyện nhỏ thành một hành trình liền mạch, mê say và cuốn hút, từ “băng giá và lửa cháy buổi đầu vũ trụ cho tới lửa cháy và băng giá đã kết thúc thế giới.</div>',2,0),(134,'Bộ Hộp Tam Quốc Diễn Nghĩa (6 Tập) - Đông...','tam-quoc-dien-nghia-bia_L.jpg',486000,'540000','<div class=\"description\">Tam Quốc Diễn Nghĩa là một trong những kiệt tác của văn học thế giới. Ngay từ khi được dịch sang chữ quốc ngữ, tiểu thuyết này đã được bạn đọc Việt Nam đón nhận nồng nhiệt; từ đó đến nay có vô vàn ấn bản ra đời, mỗi ấn bản lại mang một màu sắc khác nhau.</div>',2,0),(135,'Điều Kỳ Diệu Của Tiệm Tạp Hóa Namiya','dieu-ky-dieu-cua-tiem-tap-hoa_L.jpg',89250,'105000','<div class=\"description\">Cuốn sách chứa nhiều mẩu chuyện tưởng chừng không liên quan tới nhau lại có một mối liên hệ vô hình. Cốt truyện lạ, có nhiều thứ để suy ngẫm, hấp dẫn bạn đọc ngay từ những trang đầu.</div>',2,0),(136,'Illustrated Classics - Truyện Cổ Grimm','illustrated-classics-truyen-co-grimm_L.gif',142800,'168000','<div class=\"description\">Truyện Illustrated Classics - Truyện Cổ Grimm là những câu chuyện của anh em nhà Grimm đã được nâng lên thành những tác phẩm đầy màu săc và sinh động</div>',2,0),(137,'Anne Tóc Đỏ Và Ngôi Nhà Mơ Ước','anne-toc-do-va-ngoi-nha-mo-uoc-tai-ban-2018_L.jpg',83300,'98000','<div class=\"description\">Cuốn sách này dành cho tất cả những ai muốn được trải nghiệm cảm giác vui vẻ, hài hước trong khi đọc; và đặc biệt dành cho tất cả những ai từng yêu thích Anne tóc đỏ dưới Chái Nhà Xanh.</div>',2,0),(138,'Khi Lỗi Thuộc Về Những Vì Sao','khi-loi-thuoc-ve-nhung-vi-sao-bia-truoc_L.jpg',114000,'120000','<div class=\"description\">Khi Lỗi Thuộc Về Những Vì Sao là một câu chuyện tình yêu buồn của hai bạn trẻ bị ung thư. John Green đã đặt tên cho cuốn sách của mình với hàm ý lỗi thuộc về những vì sao định mệnh chiếu sai đường, nên những người yêu thương chẳng thể đồng hành cùng nhau.</div>',2,0),(139,'Đông Chu Liệt Quốc 2 (Tái Bản 2018)','dong-chu-liet-quoc-tap-2-bia_L.gif',153000,'180000','<div class=\"description\">Đông Chu Liệt Quốc 2 bao gồm một thời kỳ lịch sử dài hơn 400 năm (thế kỷ I, V, IV, III TCN), bắt đầu từ khi Bình Vương nhà Chu dời đô sang phía đông và kết thúc với cuộc thống nhất của Tần Thủy Hoàng.\r\n</div>',2,0),(140,'Hoàng Tử Bé ( Nhã Nam )','hoang-tu-be-bia_L.gif',63750,'75000','<div class=\"description\">Hoàng Tử Bé (Tái Bản 2017) là tác phẩm nổi tiếng nhất, được yêu mến nhất của Saint-Exupéry cùng hơn 200 triệu bản in trên toàn thế giới và được coi là một trong những tác phẩm bán chạy nhất của nhân loại.</div>',2,0),(141,'Giết Con Chim Nhại','giet-con-chim-nhai-bia_L.gif',102000,'120000','<div class=\"description\">Giết Con Chim Nhại là tác phẩm đầu tay và cũng là cuối cùng của nữ nhà văn Mỹ Harper Lee. Một tác phẩm đầy sức hút với độc giả ở nhiều lứa tuổi và mang lại nhiều thông điệp ý nghĩa.</div>',2,0),(142,'Ngàn Mặt Trời Rực Rỡ (Tái Bản)','ngan-mat-troi-ruc-ro-bia-truoc_L.jpg',110500,'130000','<div class=\"description\">Ngàn Mặt Trời Rực Rỡ chính là thân phận đau thương, bền bỉ của người phụ nữ Afganistan trước nền chính trị hỗn loạn và tôn giáo hà khắc, làm nên một trường ca tiểu thuyết vô cùng cảm động.</div>',2,0),(143,'Lolita','lolita-biatruoc_L.gif',108800,'128000','<div class=\"description\">Lolita, hiện tượng bất thường bậc nhất của văn chương thế kỷ 20, được xuất bản lần đầu vào năm 1955 tại Paris, mặc dù viết bằng tiếng Mĩ. </div>',2,0),(144,'Bắt Trẻ Đồng Xanh','bat-tre-dong-xanh-bia-truoc_L.jpg',74800,'88000','<div class=\"description\">Bắt Trẻ Đồng Xanh đã mượn suy nghĩ của một chàng trai trẻ để nhìn về cuộc sống một cách hài hước và thông minh. Tạp chí Time đã xếp Bắt trẻ đồng xanh vào một trong 100 tác phẩm viết bằng tiếng Anh hay nhất từ năm 1923 đến nay.\r\n </div>',2,0),(145,'Ruồi trâu (Minh Long)','ruoi-trau_L.jpg',93600,'120000','<div class=\"description\">\"Ruồi trâu” - lịch sử một người anh hùng cách mạng quyện với một thiên tình sử đẹp đẽ và xúc động được lồng trong một bản hùng ca mang tính thời đại của các dân tộc kiên cường đấu tranh cho độc lập và thống nhất đã từng làm cả thế giới say đắm.</div>',2,0),(146,'Sử Ký Tư Mã Thiên (Trọn Bộ 2 Tập)','combo-su-ky-tu-ma-thien-bia_L.jpg',268920,'324000','<div class=\"description\">Combo Sử Ký Tư Mã Thiên (Trọn Bộ 2 Tập) tổng hợp lại các thành quả học tập của học giả các đời trong nghiên cứu Sử ký, ghi chú tường tận, lý giải rõ ràng, đối chiếu dịch văn để bạn đọc không gặp dù chỉ một chút trở ngại khi đọc Sử ký.</div>',2,0),(147,'Trong Gia Đình (Minh Long)','sach-trong-gia-dinh-minh-long_L.jpg',78000,'100000','<div class=\"description\">Trong Gia Đình (Minh Long) - Cuốn sách là một trong các tác phẩm xuất sắc viết về những cuộc phiêu lưu của lòng dũng cảm và tình cảm gia đình. Tác phẩm này có tác dụng giáo dục cao và được đón nhận nồng nhiệt trên toàn thế giới.</div>',2,0),(148,'Trọn Bộ 3 Tập Sherlock Holmes Toàn Tập (Tái Bản)','tron-bo-3-tap-sherlock-holmes-toan-tap-tai-ban_L.gif',280800,'360000','<div class=\"description\">Sherlock Holmes luôn là món quà bất hủ của mọi thời đại, hãy đọc để cảm nhận tinh thần của những trang hiệp sĩ tận tâm, tận lực trong nhiệm vụ cao cả và nặng nề “trừ gian, diệt ác\", những bí quyết tạo nên sự bất tử của vị thám tử lừng danh này.</div>',2,0),(149,'Đông Chu Liệt Quốc Liên Hoàn Họa (Bộ 30 Tập)','bo-hop-dong-chu-liet-quoc-lien-hoan-hoa-tron-bo-30-tap_L.gif',450000,'500000','<div class=\"description\">Bằng lời văn ngắn gọn nhưng trong sáng, dễ hiểu và các câu chuyện, tình tiết được tuyển chọn kĩ lưỡng, liền mạch, bộ sách kinh điển Đông Chu Liệt Quốc Liên Hoàn Họa 30 tập này đã bao quát toàn bộ thời kì Đông Chu.</div>',2,0),(150,'Trà Hoa Nữ - ĐTi','tra-hoa-nu-master_L.jpg',66300,'78000','<div class=\"description\">“Trà Hoa Nữ” là một câu chuyện tình yêu giữa một chàng trai hết sức bình thường với một cô gái bao vô cùng khác thường. Nếu như cô gái bao ấy bình thường như bao cô gái bao khác thì tác phẩm của Alexandre Dumas Con không thể trở nên kinh điển đến vậy.</div>',2,0),(151,'Totto-Chan Bên Cửa Sổ (Tái Bản 2019)','totto-chan-ben-cua-so-bia_L.gif',83300,'98000','<div class=\"description\">Totto-Chan Bên Cửa Sổ (Tái Bản 2019) là cuốn sách gối đầu giường của nhiều thế hệ trẻ em trên toàn thế giới suốt ba mươi năm nay, một trong những cuốn sách bán chạy nhất trong lịch sử ngành xuất bản nước Nhật.</div>',2,0),(152,'Người Đua Diều','sach-nguoi-dua-dieu_L.jpg',92650,'109000','<div class=\"description\">\"Người Đưa Diều\" mang tính thời sự, cốt truyện ly kỳ, xúc động, xung đột gay gắt giữa các tuyến nhân vật, trong chính bản thân nhân vật….Cuốn tiểu thuyết đã nắm giữ vị trí đầu bảng của The New York Times trong 110 tuần.</div>',2,0),(153,'Truyện Kiều - Nguyễn Du (Minh Long)','truyen-kieu-2018-bia_L.jpg',53040,'68000','<div class=\"description\">Truyện Kiều là tác phẩm thơ chữ Nôm đỉnh cao của nhà thơ Nguyễn Du. Trong thơ luôn luôn vang lên âm thanh, bừng lên màu sắc của sự sống, hằn lên những đường nét sắc cạnh của bức tranh hiện thực đa dạng.</div>',2,0),(154,'Chuông Nguyện Hồn Ai (Khang Việt)','chuong-nguyen-hon-ai_L.jpg',123670,'149000','<div class=\"description\">Tác phẩm ca ngợi cuộc kháng chiến kiên cường của dân tộc Tây Ban Nha vì hòa bình tự do, chiến đấu bảo vệ chính nghĩa, dập tắt ngọn lửa hung bạo của chiến tranh.</div>',2,0),(155,'Đại Gia Gatsby','sach-dai-gia-gatsby_L.jpg',73100,'86000','<div class=\"description\">Đại Gia Gatsby - Cuốn tiểu thuyết \"khác thường, tuyệt đẹp, cấu trúc phức tạp song trên hết là giản dị\" (như lời chính nhà văn) từng được xếp thứ hai trong danh sách 100 Tiểu thuyết Hay nhất Thế kỷ 20 của Modern Library.</div>',2,0),(156,'Suối Nguồn (The Fountainhead)','suoi-nguon-tai-ban_L.jpg',337250,'355000','<div class=\"description\">Là một trong hai tác phẩm đứng đầu bảng xếp hạng những tiểu thuyết hay nhất thế kỷ 20, Suối Nguồn của Ayn Rand luôn nằm trong danh sách phải đọc của những ai muốn sống cuộc đời của chính mình.</div>',2,0),(157,'Chuông Nguyện Hồn Ai','chuong-nguyen-hon-ai_L.gif',100000,'125000','<div class=\"description\">Chuông nguyện hồn ai giải quyết mối quan hệ giữa nhân dân và lịch sử cũng như những vấn đề về sự sống, cái chết, tình yêu và trách nhiệm của con người qua ngòi bút Ernest Hemingway.</div>',2,0),(158,'Ông Già Và Biển Cả (Minh Long)','ong-gia-va-bien-ca_L.jpg',32760,'42000','<div class=\"description\">Ông Già Và Biển Cả (Minh Long) - Cuốn sách là một trong những tác phẩm nổi tiếng nhất của Hemingway, là bản anh hùng ca ca ngợi sức lao động và khát vọng của con người.</div>',2,0),(159,'Chiếc Lá Cuối Cùng','sach-chiec-la-cuoi-cung_L.jpg',74100,'95000','<div class=\"description\">Chiếc Lá Cuối Cùng - Cuốn sách phản ánh xã hội Mỹ đương thời, có lắm oái oăm, nghịch lý; lắm kẻ xấu xa, thủ đoạn nhưng cũng không thiếu những con người mộc mạc, chất phác, giàu lòng nhân ái.</div>',2,0),(160,'Đông Chu Liệt Quốc Trọn Bộ 3 Tập','596580194478_L.jpg',323700,'390000','<div class=\"description\">Tuyệt tác văn chương phản ánh một giai đoạn 550 năm bão táp của lịch sử Trung Hoa từ Xuân Thu đến Chiến Quốc, hàm chứa những vấn đề phổ biến và sâu xa của nhân loại.</div>',2,0),(161,'Ruồi Trâu','918582699537_L.jpg',111220,'134000','<div class=\"description\">Ruồi trâu là một tác phẩm rất đáng đọc. Câu chuyện diễn ra vào thế kỉ 19 tại Ý. Thời đó, đất nước này đang bị chia cắt. Một thanh niên Ý kiên cường đã dành cả cuộc đời mình để đấu tranh cho lí tưởng giải phóng đất nước.</div>',2,0),(162,'Truyện Cổ Grimm (Trọn Bộ 2 Tập) - Bìa cứng','truyen-co-grimm_L.jpg',194220,'234000','<div class=\"description\">Truyện cổ Grimm là một trong số ít những tác phẩm được dịch ra nhiều thứ tiếng nhất trên thế giới. </div>',2,0),(163,'Thần Thoại Hy Lạp Trọn Bộ 2 Tập (Khang Việt)','than-thoai-hy-lap_L.jpg',181770,'219000','<div class=\"description\">Thần Thoại Hy Lạp Trọn Bộ 2 Tập là bộ sách truyền thuyết Hy Lạp mới nhất của Nhà Sách Khang Việt mang đến cho bạn đọc những câu chuyện giả tưởng huyền bí về Hy Lạp.</div>',2,0),(164,'Những Cuộc Phiêu Lưu Của Huckleberry Finn (Minh Long)','nhung-cuoc-phieu-luu-cua-tinn_L.gif',64740,'83000','',2,0),(165,'Hai Vạn Dặm Dưới Đáy Biển','hai-van-dam-duoi-day-bien_L.jpg',79560,'102000','<div class=\"description\">Hai Vạn Dặm Dưới Đáy Biển - Cuốn sách này đã góp phần hướng biết bao thanh thiếu niên tiến vào khoa học, và bao người sau này đã trở thành những nhà hải dương học, ngư học và chế tạo tàu ngầm!</div>',2,0),(166,'Không Gia Đình (Minh Long Book)','sach-khong-gia-dinh_L.jpg',122500,'175000','<div class=\"description\">Không Gia Đình (Minh Long Book) - Qua câu chuyện, người ta thấy toát lên tình yêu lao động, tinh thần tự lập tự tin của tuổi trẻ, ý thức chịu đựng gian khổ, ca ngợi lao động nghệ thuật và khuyến khích tình bạn chân chính.</div>',2,0),(167,'Gió Lạnh Đầu Mùa (Tập Truyện Ngắn)','gio-lanh-dau-mua_L.gif',43680,'56000','<div class=\"description\">Gió Lạnh Đầu Mùa (Tập Truyện Ngắn) - Cuốn sách tập hợp toàn bộ những tác phẩm trong tập truyện ngắn Gió đầu mùa của nhà văn Thạch Lam.</div>',2,0),(168,'Làm Đĩ','lam-di_L.jpg',44460,'57000','<div class=\"description\">Làm Đĩ - Một thiên tả chân tiểu thuyết, mục đích là hô hào nhà đạo đức và bậc làm cha mẹ chăm lo đến hạnh phúc của con cái và phải để ý đến cái sự mà những thành kiến hủ bại vẫn coi là điều bẩn thỉu, tức cái sự dâm.</div>',2,0),(169,'Sống Mòn (Minh Long)','song-mon_L.jpg',56940,'73000','<div class=\"description\">Sống Mòn - Tập tiểu thuyết  ám ảnh vấn đề vận mệnh chung của cả một xã hội chua xót, đau đớn, buồn thảm, tủi nhục, trong đó, đời sống không còn ý nghĩa, quay về phía nào cũng thấy dựng lên những bức tường bế tắc.</div>',2,0),(170,'Tắt Đèn - Ngô Tất Tố - Huy hoàng','tat-den-8_L.jpg',42500,'50000','',2,0),(171,'Trà Hoa Nữ (Bìa Mềm) - ML','tra-hoa-nu-440_L.jpg',48360,'62000','<div class=\"description\">Trà hoa nữ là Câu chuyện đau thương về cuộc đời nàng kỹ nữ yêu hoa trà Macgơrit Gôchiê (Marguerite Gautier) đã được độc giả Pháp thời bấy giờ hoan nghênh một cách khác thường, nhất là sau khi tác phẩm được chính tác giả chuyển thể thành kịch. </div>',2,0),(172,'Tôn Tử Binh Pháp Và 36 Kế','ton-tu-binh-phap_L.jpg',140270,'169000','',2,0),(173,'Sherlock Holmes Toàn Tập - Trọn Bộ 3 Tập (Bìa...','sherlockholmes1_L.jpg',249000,'300000','<div class=\"description\">Sherlock Holmes là nhân vật thám tử hư cấu nổi danh nhất mọi thời đại. Vị thám tử tài ba xuất hiện lần đầu tiên trong tác phẩm trinh thám hay kinh điển “Sherlock Holmes” của nhà văn Arthur Conan Doyle năm 1887.Hơn 100 năm kể từ khi ra đời, Sherlock Holmes với chiếc mũ phớt và làn khói thuốc bay ra từ chiếc tẩu, với lối tư duy lạnh lùng đã trở thành hình tượng bất tử về thám tử tài trí, lừng danh trong tiểu thuyết trinh thám và được coi như mẫu nhân vật xuất sắc nhất từng có trong thể loại văn học này.</div>',2,0),(174,'Nanh Trắng (Bìa cứng)','nanh-trang-1_L.jpg',58100,'70000','<div class=\"description\">Qua Nanh trắng, Jack London giúp người đọc hiểu được cách nhìn của loài vật về thế giới của chúng cũng như cách mà chúng nhìn nhận thế giới con người. Chính điều đó đã khiến Nanh Trắng trở thành một trong những tiểu thuyết xuất sắc nhất của Jack London, và từ khi ra đời cho đến nay, luôn được các thế hệ độc giả yêu thích.</div>',2,0),(175,'Rừng Na Uy','rung-na-uy_L.gif',127500,'150000','<div class=\"description\">Rừng Na Uy - Cuốn tiểu thuyết nổi tiếng của nhà văn Haruki Murakami về tình yêu, về tuổi trẻ của những sinh viên Nhật Bản những năm 1969, cuốn tiểu thuyết chắc chắn sẽ làm bạn chìm đắm trong những cảm xúc khác nhau, thậm chí là ám ảnh...</div>',2,0),(176,'Tôn Tử Binh Pháp Và 36 Kế (Bìa Cứng)','sach-ton-tu-binh-phap-va-36-ke-bia-cng_L.jpg',112000,'140000','<div class=\"description\">Tôn Tử Binh Pháp Và 36 Kế (Bìa Cứng) - Giúp độc giả khai thông trí tuệ, học được bí quyết vận dụng mưu trí một cách linh hoạt.</div>',2,0),(177,'Tiếng Gọi Nơi Hoang Dã (Minh Thắng)','tieng-goi-noi-hoang-da_L.gif',60000,'75000','<div class=\"description\">Tiếng Gọi Nơi Hoang Dã là tiểu thuyết của nhà văn Mỹ Jack London,  đã trở thành kiệt tác cuốn hút biết bao thế hệ người đọc. </div>',2,0),(178,'Dọc Đường','sach-doc-duong_L.gif',136000,'160000','<div class=\"description\">Dọc Đường - Nhà văn Nguyên Ngọc tự nhận mình là một người ham sống. Quả thật có thể nhìn ra điều ấy trong tập sách Dọc đường dày dặn này, tuyển những bài viết và ghi chép của ông trên một hành trình sống đầy ắp trải nghiệm</div>',2,0),(179,'Tiếng Núi','sach-tieng-nui_L.jpg',187000,'220000','<div class=\"description\">Tiếng Núi - Tiếng núi được đánh giá là một tác phẩm đỉnh cao của nền văn học Nhật Bản sau Thế chiến 2 và đã được đăng rải rác từng chương trên nhiều tạp chí khác nhau suốt từ năm 1949 tới năm 1954.</div>',2,0),(180,'Hoàng Tử Và Chú Bé Nghèo Khổ (Đinh Tị)','sach-hoang-tu-va-chu-be-ngheo-kho-dinh-ti_L.jpg',84150,'99000','<div class=\"description\">Hoàng Tử Và Chú Bé Nghèo Khổ (Đinh Tị) - Tác phẩm hấp dẫn mà đại văn hào Mark Twain đặc biệt viết riêng cho độc giả nhí ở mọi lứa tuổi. </div>',2,0),(181,'Tắt Đèn (Minh Long)','sach-tat-den-minh-long_L.jpg',39000,'50000','<div class=\"description\">Tắt Đèn (Minh Long) - Đây là một tác phẩm văn học hiện thực phê phán với nội dung nói về cuộc sống khốn khổ của tầng lớp nông dân Việt Nam đầu thế kỉ XX dưới ách đô hộ của thực dân Pháp.</div>',2,0),(182,'Tủ Sách Đời Người - Truyện Ngụ Ngôn Aesop','sach-tu-sach-doi-nguoi-truyen-ngu-ngon-aesop_L.jpg',104720,'119000','<div class=\"description\">Tủ Sách Đời Người - Truyện Ngụ Ngôn Aesop - Cuốn sách nhiều câu chuyện ngụ ngôn nổi tiếng trên thế giới và đã được truyền miệng và được sưu tập qua nhiều thế kỷ và bằng nhiều ngôn ngữ khác nhau theo truyền thống kể chuyện vẫn tiếp tục đến ngày nay. </div>',2,0),(183,'Thần Thoại Hy Lạp (Phụ Nữ)','sach-than-thoai-hy-lap-phu-nu-1_L.jpg',257140,'299000','<div class=\"description\">Thần Thoại Hy Lạp (Phụ Nữ) - Sách là những truyện thần thoại của người Hy Lạp, bao gồm các truyền thuyết về các vị nam thần, nữ thần và các vị anh hùng của người Hy Lạp.</div>',2,0),(184,'Combo Văn Học Kinh Điển Đông A - Bìa Hoa...','sach-combo-van-hoc-kinh-dien-dong-a-bia-hoa-bo-15-cuon_L.jpg',1320300,'1467000','<div class=\"description\">Combo Văn Học Kinh Điển Đông A - Bìa Hoa (Bộ 15 Cuốn) - Đây là những tác phẩm có sức sống trường tồn qua thời gian với sự yêu thích và công nhận của đông đảo độc giả trên khắp thế giới. </div>',2,0),(185,'Nanh Trắng (Đông A) (Bìa Hoa)','sach-nanh-trang-dong-a_L.jpg',72000,'80000','<div class=\"description\">Nanh Trắng (Đông A) (Bìa Hoa) - Qua Nanh Trắng, Jack London giúp người đọc hiểu được cách nhìn của loài vật về thế giới của chúng cũng như cách mà chúng nhìn nhận thế giới con người.</div>',2,0),(186,'Anh Em Nhà Karamazov (Nhã Nam - Bìa Mềm)','sach-anh-em-nha-karamazov-nha-nam_L.jpg',340000,'400000','<div class=\"description\">Anh Em Nhà Karamazov (Nhã Nam) - Câu chuyện về tấn bi kịch của những tâm hồn bị hành hạ lên tột cùng bi thảm...</div>',2,0),(187,'Thần Thoại Bắc Âu (Tri Thức Trẻ)','sach-than-thoai-bac-au-tri-thuc-tre_L.jpg',108800,'136000','<div class=\"description\">Thần Thoại Bắc Âu (Tri Thức Trẻ) - Cuốn sách không chỉ hữu ích cho các nhà nghiên cứu văn học cổ Bắc Âu, mà còn giúp người đọc phổ thông tìm kiếm những chỉ dẫn đáng tin cậy thông qua thế giới của truyền thuyết và thần thoại.</div>',2,0),(188,'Tam Quốc Chí Thông Tục Diễn Nghĩa - 3 Tập...','sach-tam-quoc-chi-thong-tuc-dien-nghia-ban-thuong_L.jpg',1357030,'1399000','<div class=\"description\">Tam Quốc Chí Thông Tục Diễn Nghĩa - 3 Tập (Bản Thường) - bản sách được in năm Gia Tĩnh thứ hai (1522), và hiện được coi là bản in CỔ NHẤT, GẦN SÁT NHẤT với nguyên tác của La Quán Trung hiện còn được lưu giữ.</div>',2,0),(189,'Anne Tóc Đỏ Ở Đảo Hoàng Tử Edward','sach-anne-toc-do-o-dao-hoang-tu-edward_L.jpg',80750,'95000','<div class=\"description\">Anne Tóc Đỏ Ở Đảo Hoàng Tử Edward - Thật khủng khiếp là mọi người phải trưởng thành.</div>',2,0),(190,'Tắt Đèn - Minh Thắng','sach-tat-den-minh-thang_L.jpg',52000,'65000','<div class=\"description\">Tắt Đèn - Minh Thắng - Chị Dậu là nhân vật điển hình được người đọc yêu mến. Và người yêu mến chị hơn cả là Ngô Tất Tố. </div>',2,0),(191,'Những Tấm Lòng Cao Cả (Đông A) (Bìa Hoa)','sach-nhung-tam-long-cao-ca-dong-a_L.jpg',81000,'90000','<div class=\"description\">Những Tấm Lòng Cao Cả (Đông A) (Bìa Hoa) - Enrico Bottini, một cậu bé mười tuổi người Ý, trong suốt năm học lớp ba đã đều đặn ghi lại những câu chuyện mà em ấn tượng. </div>',2,0),(192,'Sherlock Holmes Toàn Tập 3','sherlock-holmes-toan-tap-3_L.jpg',109650,'129000','<div class=\"description\">Sherlock Holmes Toàn Tập 3 -  Với sự giúp đỡ của người bạn tận tụy và trung thành là bác sĩ Watson, thám tử Sherlock Holmes đã khiến vô số những kẻ lừa đảo, kẻ cướp và kẻ sát nhân bị đưa ra truy tố trước pháp luật. </div>',2,0),(193,'Sử Ký Tư Mã Thiên Thế Gia (Bìa Mềm)','sach-su-ky-tu-ma-thien-the-gia-bia-mem_L.jpg',156000,'195000','<div class=\"description\">Sử Ký Tư Mã Thiên Thế Gia (Bìa Mềm) là bộ thông sử đầu tiên trên thế giới phản ánh lịch sử Trung Quốc trong hơn 3000 năm từ thời hiên viên theo truyền thuyết cổ đại tới những năm Thái Sơ thời Hán Vũ đế.</div>',2,0),(194,'Sử Ký Tư Mã Thiên Liệt Truyện - Quyển Thượng','sach-su-ky-tu-ma-thien-liet-truyen-quyen-thuong_L.jpg',148000,'185000','<div class=\"description\">Sử Ký Tư Mã Thiên Liệt Truyện - Quyển Thượng là bộ thông sử đầu tiên trên thế giới phản ánh lịch sử Trung Quốc trong hơn 3000 năm từ thời hiên viên theo truyền thuyết cổ đại tới những năm Thái Sơ thời Hán Vũ đế.</div>',2,0),(195,'Sử Ký Tư Mã Thiên - Bản Kỷ','sach-su-ky-tu-ma-thien-ban-ky_L.jpg',96000,'120000','<div class=\"description\">Sử Ký Tư Mã Thiên - Bản Kỷ là bộ thông sử đầu tiên trên thế giới phản ánh lịch sử Trung Quốc trong hơn 3000 năm từ thời hiên viên theo truyền thuyết cổ đại tới những năm Thái Sơ thời Hán Vũ đế </div>',2,0),(196,'Sherlock Holmes Toàn Tập (Tập 3) - Bìa Cứng','sach-sherlock-holmes-toan-tap-tap-3-bia-cung_L.jpg',96000,'120000','<div class=\"description\">Sherlock Holmes Toàn Tập (Tập 3) - Bìa Cứng là tập tiểu thuyết trinh thám nổi tiếng của nhà văn Arthur Conan Doyle được đông đảo các bạn đọc trên toàn thế giới đón nhận.</div>',2,0),(197,'Đồi Gió Hú ( Bìa Cứng - Minh Thắng )','doi-gio-hu-bia-cung-minh-thang_L.jpg',96000,'120000','<div class=\"description\">Đồi Gió Hú ( Bìa Cứng - Minh Thắng ) là cuốn tiểu thuyết nổi tiếng của tác giả Emily Bronte đã tới tay công chúng với nhiều lời bình trái ngược vào năm 1847.</div>',2,0),(198,'Đồi Gió Hú (Bìa Mềm - Minh Thắng)','sach-doi-gio-hu-bia-mem-minh-thang_L.jpg',98000,'120000','<div class=\"description\">Đồi Gió Hú (Bìa Mềm - Minh Thắng) là cuốn tiểu thuyết nổi tiếng của tác giả Emily Bronte đã tới tay công chúng với nhiều lời bình trái ngược vào năm 1847.</div>',2,0),(199,'Yuri Espoir - Tập 4','sach-yuri-espoir-tap-4_L.jpg',69520,'79000','<div class=\"description\">Yuri Espoir - Tập 4 - Trong lúc hẹn hò với Hanakago, Kokoro bất chợt đổ bệnh. May mắn thay, Hibari và Amami đã xuất hiện kịp thời đẻ giúp đỡ.</div>',3,0),(200,'Đạo Làm Hoàng Thượng','dao-lam-hoang-thuong_L.jpg',67150,'79000','<div class=\"description\">Đạo Làm Hoàng Thượng - Sẽ ra sao nếu trong xã hội loài mèo cũng tồn tại băng đảng Yakuza?!</div>',3,0),(201,'Bộ Thiên Ca - Tập 3','sach-bo-thien-ca-tap-3_L.jpg',126650,'149000','<div class=\"description\">Bộ Thiên Ca - Tập 3 - Hành trình vượt biển Quy Khư của Khứ Trần chẳng hề dễ dàng, cậu bé cùng với các đệ tử Bồng Lai gặp nạn, người chưa rõ sống chết, người mệnh treo sợi tóc. </div>',3,0),(202,'Kỳ Án Siêu Nhiên - Tập 16','sach-ky-an-sieu-nhien-tap-16_L.jpg',33250,'35000','<div class=\"description\">Kỳ Án Siêu Nhiên - Tập 16 - Năm 11 tuổi, Kotoko Iwanaga bị yêu quái bắt cóc trong hai tuần và được yêu cầu trở thành \"Thần thông thái\" của họ.</div>',3,0),(203,'Thế Giới Otome Game Thật Khắc Nghiệt Với Nhân Vật...','sach-the-gioi-otome-game-that-khac-nghiet-voi-nhan-vat-quan-chung-tap-7_L.jpg',118150,'139000','<div class=\"description\">Thế Giới Otome Game Thật Khắc Nghiệt Với Nhân Vật Quần Chúng - Tập 7 - Bị Marie chê là đồ hèn nhưng Leon vẫn đang duy trì mối quan hệ không rõ rang với Noelle.</div>',3,0),(204,'Chúng Ta Sẽ Kết Hôn Thật Sao? - 365 Days...','chung-ta-se-ket-hon-that-sao-365-days-to-the-wedding-tap-1_L.jpg',58650,'69000','<div class=\"description\">Chúng Ta Sẽ Kết Hôn Thật Sao? - 365 Days To The Wedding - Tập 1- Đây là câu chuyện cưới xin hài hước vào thời Lệnh Hòa, giữa chàng trai đeo kính yêu mèo và cô gái đam mê bản đồ!</div>',3,0),(205,'Cuộc Sống Học Đường - Tập 5','sach-cuoc-song-hoc-duong-tap-5_L.jpg',58650,'69000','<div class=\"description\">Cuộc Sống Học Đường - Tập 5 - Một ngày nọ, Yuki cùng các thành viên trong câu lạc bộ Cuộc sống học đường quyết định tổ chức lễ hội văn hóa tại trường. </div>',3,0),(206,'Những Chàng Trai Ở Lộc Phong Quán - Tập 12','nhung-chang-trai-o-loc-phong-quan-tap-12_L.jpg',49280,'56000','<div class=\"description\">Những Chàng Trai Ở Lộc Phong Quán - Tập 12 - Tiệm cà phê Lộc Phong Quán không chỉ có thức uống hấp dẫn mà còn có những món ngọt thơm ngon khó cưỡng, cùng bốn chàng nhân viên đẹp trai chu đáo. Bốn chàng trai, mỗi người một vẻ, đã tạo nên một tiệm cà phê đặc biệt </div>',3,0),(207,'Ma Đạo Tổ Sư - Truyện Tranh - Tập 1','sach-ma-dao-to-su-truyen-tranh-tap-1_L.jpg',135150,'159000','<div class=\"description\">Ma Đạo Tổ Sư - Truyện Tranh - Tập 1 - Sau 13 năm, Di Lăng Lão Tổ Ngụy Vô Tiện - đại ma đầu nổi danh bao người kinh sợ thuở xưa đã âm thầm quay trở lại nhân gian trong thân xác của Mạc Huyền Vũ nhờ vào một cấm thuật đã thất truyền từ lâu, thuật hiến xá.</div>',3,0),(208,'Here U Are - Tập 5','here-u-are-tap-5_L.jpg',139040,'158000','<div class=\"description\">Here U Are - Tập 5 - Sau khi Ngu Dương chủ động thổ lộ với Lê Hoán, cả hai bắt đầu những ngày tháng hẹn hò ngọt ngào và vui vẻ. Đồng thời, Ngu Dương cũng mở lòng và tâm sự với Lê Hoán về những tổn thương trong quá khứ..</div>',3,0),(209,'Chàng Trai Xinh Đẹp - Tập 1','chang-trai-xinh-dep-tap-1_L.jpg',126650,'149000','<div class=\"description\">Chàng Trai Xinh Đẹp - Tập 1 - Một Hira Kazunari tự ti và ít nói vì mắc chứng rối loạn phát âm, luôn bị xếp xuống đáy cùng, cô độc và lạc lõng giữa trường học. Nhưng vào những năm tháng ảm đạm buồn thương nhất của tuổi 17, cậu đã gặp gỡ Kiyoi Sou...</div>',3,0),(210,'Neko Damari - Tập 1','neko-damari-tap-1_L.jpg',58650,'69000','<div class=\"description\">Neko Damari - Tập 1 - Đây sẽ là câu chuyện hài hước, nhẹ nhàng, tràn ngập hình ảnh những chú mèo dễ thương và đầy ắp tình huống dở khóc dở cười thường gặp khi nuôi mèo!!</div>',3,0),(211,'Công Việc Của Long Vương - Tập 7','cong-viec-cua-long-vuong-tap-7_L.jpg',126650,'149000','<div class=\"description\">Công Việc Của Long Vương - Tập 7 - Một câu chuyện về giới Shogi của vùng Naniwa tràn ngập nước mắt xen lẫn tiếng cười. Tập 7 chắc chắn sẽ lấy đi rất nhiều nước mắt của quý độc giả!</div>',3,0),(212,'Hinata Cô Bé Mang Linh Hồn Bà Lão - Tập...','sach-hinata-co-be-mang-linh-hon-ba-lao-tap-1_L.jpg',68400,'72000','<div class=\"description\">Hinata Cô Bé Mang Linh Hồn Bà Lão - Tập 1 - Với phong thái điềm tĩnh, kinh nghiệm uyên bác và vô vàn mẹo vặt cho mọi vấn đề khó khăn của cuộc sống, cô bé 6 tuổi Hinata khác hẳn những đứa trẻ mẫu giáo thông thường.</div>',3,0),(213,'How To Hate Mate - Tập 2','sach-how-to-hate-mate-tap-2_L.jpg',135150,'159000','<div class=\"description\">How To Hate Mate - Tập 2 - Trong một lần say rượu mất kiểm soát, Soo Bin đã vô tình thổ lộ tình cảm đơn phương bấy lâu nay của mình với người bạn cùng phòng cấp Ba thân thiết là Nam Hyun Woo nhưng ngay lập tức bị từ chối một cách phũ phàng.</div>',3,0),(214,'Đã Ngầu Xin Đừng Hậu Đậu!! - Tập 1','sach-da-ngau-xin-dung-hau-dau-tap-1_L.jpg',97750,'115000','<div class=\"description\">Đã Ngầu Xin Đừng Hậu Đậu!! - Tập 1 - Nếu bạn là một người cẩn thận và kỹ tính, chắc chắn bạn sẽ cực kỳ bất ngờ với những anh chàng siêu hậu đậu có 1-0-2 này đấy!</div>',3,0),(215,'Heesu Ở Lớp B - Tập 2','sach-heesu-o-lop-b-tap-2_L.jpg',97750,'115000','<div class=\"description\">Heesu Ở Lớp B - Tập 2 - Lee Heesu là một “cậu trai ế” mờ nhạt và không có gì nổi bật. Thế nhưng bỗng một ngày cậu lại trở thành “chuyên gia tư vấn tình cảm” được người người săn đón.</div>',3,0),(216,'Nàng Quỷ Nơi Góc Phố - Tập 1','sach-nang-quy-noi-goc-pho-tap-1_L.jpg',67150,'79000','<div class=\"description\">Nàng Quỷ Nơi Góc Phố - Tập 1 - Một bộ truyện tranh bốn khung đi ngược với mô-típ nữ anh hùng phép thuật!</div>',3,0),(217,'Màn Đêm Ngoài Khung Cửa Sổ Tam Giác - Tập...','sach-man-dem-ngoai-khung-cua-so-tam-giac-tap-2_L.jpg',63750,'75000','<div class=\"description\">Màn Đêm Ngoài Khung Cửa Sổ Tam Giác - Tập 2 - Trong một lần điều tra hiện tượng tâm linh tại một trường nữ sinh, cặp đôi trừ tà đặc biệt Hiyakawa và Mikado đã có cuộc chạm trán bất ngờ với Hiura Erika.</div>',3,0),(218,'Shaman King - Tập 33','sach-shaman-king-tap-33_L.jpg',33250,'35000','<div class=\"description\">Shaman King - Tập 33 - Asakura Yo vốn là con nhà nòi, sinh ra trong một gia đình hành nghề shaman - pháp sư.</div>',3,0),(219,'Shaman King - Tập 32','sach-shaman-king-tap-32_L.jpg',33250,'35000','<div class=\"description\">Shaman King - Tập 32 - Asakura Yo vốn là con nhà nòi, sinh ra trong một gia đình hành nghề shaman - pháp sư.</div>',3,0),(220,'Black Jack - Tập 20 (Bìa Cứng)','nxbtre-full-17232023-102344-1_L.jpg',128250,'135000','<div class=\"description\">Black Jack - Tập 20 (Bìa Cứng) - Bộ truyện phù hợp với lứa tuổi cấp 2 trở lên; đặc biệt cho những ai đã từng yêu Bác sĩ quái dị của những năm 90 có cơ hội đọc lại và sưu tầm bản bìa cứng.\r\n</div>',3,0),(221,'Black Jack - Tập 20','black-jack-tap-20_L.jpg',28500,'30000','<div class=\"description\">Black Jack - Tập 20 - Câu chuyện của bác sĩ Black Jack đã truyền cảm hứng cho nhiều bạn đọc truyền tranh trong việc theo đuổi đam mê nghề y của mình.</div>',3,0),(222,'Em Trai Hàng Xóm Bướng Bỉnh Quá - Tập 2','sach-em-trai-hang-xom-buong-binh-qua-tap-2_L.jpg',123250,'145000','<div class=\"description\">Em Trai Hàng Xóm Bướng Bỉnh Quá - Tập 2 - Trong khoảng thời gian chuyển đến nơi khác, phải rời xa Lam Thiên - người anh trai hàng xóm thân thiết với cậu từ nhỏ, cuộc sống của Bạch Quân chẳng hề dễ dàng</div>',3,0),(223,'Black Jack - Tập 19 (Bìa Cứng)','sach-black-jack-tap-19-bia-cung_L.jpg',128250,'135000','<div class=\"description\">Black Jack - Tập 19 (Bìa Cứng) - Câu chuyện xoay quanh việc chữa bệnh cứu người và những vấn đề y khoa, trong đó nhân vật chính là Black Jack, một bác sĩ tài giỏi nhưng “quái dị”. </div>',3,0),(224,'Black Jack - Tập 19','sach-black-jack-tap-19_L.jpg',28500,'30000','<div class=\"description\">Black Jack - Tập 19 - Câu chuyện xoay quanh việc chữa bệnh cứu người và những vấn đề y khoa, trong đó nhân vật chính là Black Jack, một bác sĩ tài giỏi nhưng “quái dị”.</div>',3,0),(225,'Shaman King - Tập 31','sach-shaman-king-tap-31_L.jpg',33250,'35000','<div class=\"description\">Shaman King - Tập 31 - Hãy cùng dõi theo mỗi bước chân của Asakura Yo trên con đường chinh phục mục tiêu đời mình nhé!</div>',3,0),(226,'Shaman King - Tập 30','sach-shaman-king-tap-30_L.jpg',33250,'35000','<div class=\"description\">Shaman King - Tập 30 - Asakura Yo vốn là con nhà nòi, sinh ra trong một gia đình hành nghề shaman - pháp sư.</div>',3,0),(227,'Alice In Borderland - Tập 9','sach-alice-in-borderland-tap-9_L.jpg',33250,'35000','<div class=\"description\">Alice In Borderland - Tập 9 - Arisu Ryohei tự nhận mình là một thành phần “ăn hại xã hội”, học hành lẹt đẹt nên đang cực kỳ chán đời.</div>',3,0),(228,'Alice In Borderland - Tập 8','sach-alice-in-borderland-tap-8_L.jpg',33250,'35000','<div class=\"description\">Alice In Borderland - Tập 8 - Arisu Ryohei tự nhận mình là một thành phần “ăn hại xã hội”, học hành lẹt đẹt nên đang cực kỳ chán đời</div>',3,0),(229,'Alice In Borderland - Tập 7','sach-alice-in-borderland-tap-7_L.jpg',33250,'35000','<div class=\"description\">Alice In Borderland - Tập 7 - Arisu Ryohei tự nhận mình là một thành phần “ăn hại xã hội”, học hành lẹt đẹt nên đang cực kỳ chán đời. </div>',3,0),(230,'Chainsaw Man - Tập 11','sach-chainsaw-man-tap-11_L.jpg',42750,'45000','<div class=\"description\">Chainsaw Man - Tập 11 - Câu chuyện mô tả một thế giới nơi ma quỷ và con người cùng tồn tại trên Trái đất, và trong đó con người có thể lập hiệp ước để đạt được sức mạnh của quỷ. \r\n</div>',3,0),(231,'Chainsaw Man - Tập 10','sach-chainsaw-man-tap-10_L.jpg',42750,'45000','<div class=\"description\">Chainsaw Man - Tập 10 - Câu chuyện mô tả một thế giới nơi ma quỷ và con người cùng tồn tại trên Trái đất, và trong đó con người có thể lập hiệp ước để đạt được sức mạnh của quỷ. </div>',3,0),(232,'Thế Giới Hoàn Mỹ - Tập 9','sach-the-gioi-hoan-my-09_L.jpg',33250,'35000','<div class=\"description\">Thế Giới Hoàn Mỹ - Tập 9 - Câu chuyện tình đầy tính nhân văn giữa anh kiến trúc sư khuyết tật và cô họa sĩ thiết kế trẻ.</div>',3,0),(233,'Thế Giới Hoàn Mỹ - Tập 8','sach-the-gioi-hoan-my-08_L.jpg',33250,'35000','<div class=\"description\">Thế Giới Hoàn Mỹ - Tập 8 - Câu chuyện tình đầy tính nhân văn giữa anh kiến trúc sư khuyết tật và cô họa sĩ thiết kế trẻ.</div>',3,0),(234,'Thế Giới Hoàn Mỹ - Tập 7','sach-the-gioi-hoan-my-07_L.jpg',33250,'35000','<div class=\"description\">Thế Giới Hoàn Mỹ - Tập 7 - Câu chuyện tình đầy tính nhân văn giữa anh kiến trúc sư khuyết tật và cô họa sĩ thiết kế trẻ.</div>',3,0),(235,'Shaman King - Tập 29','sach-shaman-king-tap-29_L.jpg',33250,'35000','<div class=\"description\">Shaman King - Tập 29 - Hãy cùng dõi theo mỗi bước chân của Asakura Yo trên con đường chinh phục mục tiêu đời mình nhé!</div>',3,0),(236,'Người Bà Tài Giỏi Vùng Saga - Tập 11','sach-nguoi-ba-tai-gioi-vung-saga-tap-11_L.jpg',45760,'52000','<div class=\"description\">Người Bà Tài Giỏi Vùng Saga - Tập 11 - Được chuyển thể từ cuốn hồi kí nổi tiếng của danh hài Shimada Yoshichi, bộ truyện tranh vừa hài hước vừa cảm động về những tháng ngày tuổi thơ đáng nhớ của cậu bé Akihiro đã đi đến hồi kết. </div>',3,0),(237,'Gia Đình Gãi Ngứa - Tuyển Tập Khi Người Lớn...','sach-gia-dinh-gai-ngua-tuyen-tap-khi-nguoi-lon-tre-con_L.jpg',110000,'125000','<div class=\"description\">Gia Đình Gãi Ngứa - Tuyển Tập Khi Người Lớn …… Trẻ Con - Đây là tuyển tập những câu chuyện về kỷ niệm xưa, những trang truyện vui vẻ thấm đượm tình người được độc giả yêu thích.</div>',3,0),(238,'Kỳ Án Siêu Nhiên - Tập 10','sach-ky-an-sieu-nhien-tap-10_L.jpg',33250,'35000','<div class=\"description\">Kỳ Án Siêu Nhiên - Tập 10 - Vào năm 11 tuổi, Iwanaga Kotoko bị yêu quái bắt cóc. Chúng cầu xin cô bé trở thành “Vị thần thông thái” của chúng và cô bé đã đồng ý.</div>',3,0),(239,'KINGDOM - Tập 46','sach-kingdom-tap-46_L.jpg',42750,'45000','<div class=\"description\">KINGDOM - Tập 46 - Sinh ra trong thời loạn lạc, cậu thiếu niên mồ côi tên Tín cùng người bằng hữu của mình là Phiêu quyết tâm rèn luyện võ nghệ ngày đêm nhằm thay đổi vận mệnh của mình, phấn đấu trở thành thiên hạ đệ nhất tướng quân ghi danh vào sử sách.</div>',3,0),(240,'Black Jack - Tập 18 (Bìa Cứng)','sach-black-jack-tap-18-bia-cung_L.jpg',128250,'135000','<div class=\"description\">Black Jack - Tập 18 (Bìa Cứng) - Câu chuyện xoay quanh việc chữa bệnh cứu người và những vấn đề y khoa, trong đó nhân vật chính là Black Jack, một bác sĩ tài giỏi nhưng “quái dị”.</div>',3,0),(241,'Black Jack - Tập 18','sach-black-jack-tap-18_L.jpg',28500,'30000','<div class=\"description\">Black Jack - Tập 18 - Câu chuyện xoay quanh việc chữa bệnh cứu người và những vấn đề y khoa, trong đó nhân vật chính là Black Jack, một bác sĩ tài giỏi nhưng “quái dị”.</div>',3,0),(242,'Bộ Thiên Ca - Tập 1','sach-bo-thien-ca-tap-1_L.jpg',126650,'149000','<div class=\"description\">Bộ Thiên Ca - Tập 1 - Kể từ giây phút chào đời, cặp long phượng mà hoàng phi hạ sinh đã bị định sẵn hai số mệnh hoàn toàn trái ngược nhau. Hoàng tử mang nốt ruồi chu sa đỏ giữa trán, mà công chúa lại có bàn tay sáu ngón bất thường.</div>',3,0),(243,'Hế Lô Nyao - Chuyện Về Chú Mèo Chuyên Hóng...','sach-he-lo-nyao-chuyen-ve-chu-meo-chuyen-hong-hot-tap-10_L.jpg',23750,'25000','<div class=\"description\">Hế Lô Nyao - Chuyện Về Chú Mèo Chuyên Hóng Hớt - Tập 10 - Chuyện kể về một cậu nam sinh cấp 3 không may gặp tai nạn và biến thành mèo.</div>',3,0),(244,'Fire Force - Tập 1','sach-fire-force-tap-1_L.jpg',40850,'43000','<div class=\"description\">Fire Force - Tập 1 - Câu chuyện nói về những con người có năng lực và quyết tâm kết hợp với nhau lập thành các Biệt đội cứu hỏa để bảo vệ con người trước “Diệm nhân”.</div>',3,0),(245,'KINGDOM - Tập 45','sach-kingdom-tap-45_L.jpg',42750,'45000','<div class=\"description\">KINGDOM - Tập 45 - Sinh ra trong thời loạn lạc, cậu thiếu niên mồ côi tên Tín cùng người bằng hữu của mình là Phiêu quyết tâm rèn luyện võ nghệ ngày đêm nhằm thay đổi vận mệnh của mình, phấn đấu trở thành thiên hạ đệ nhất tướng quân ghi danh vào sử sách.</div>',3,0),(246,'Chainsaw Man - Tập 9','sach-chainsaw-man-tap-9_L.jpg',42750,'45000','<div class=\"description\">Chainsaw Man - Tập 9 - Câu chuyện của Chainsaw Man mô tả một thế giới nơi ma quỷ và con người cùng tồn tại trên Trái đất, và trong đó con người có thể lập hiệp ước để đạt được sức mạnh của quỷ.</div>',3,0),(247,'Alice In Borderland - Tập 6','sach-alice-in-borderland-tap-6_L.jpg',33250,'35000','<div class=\"description\">Alice In Borderland - Tập 6 - Arisu Ryohei tự nhận mình là một thành phần “ăn hại xã hội”, học hành lẹt đẹt nên đang cực kỳ chán đời. Trong một lần tụ tập than vãn cùng hai thằng bạn thân Karube và Chota, cả ba bất chợt nhìn thấy pháo hoa, và sau đó là một vụ nổ long trời lở đất.</div>',3,0),(248,'Shaman King - Tập 28','sach-shaman-king-tap-28_L.jpg',33250,'35000','<div class=\"description\">Shaman King - Tập 28 - Hãy cùng dõi theo mỗi bước chân của Asakura Yo trên con đường chinh phục mục tiêu đời mình nhé!</div>',3,0),(249,'Blue Period - Tập 11 (Bản Đặc Biệt)','sach-blue-period-tap-11_L.jpg',118750,'125000','<div class=\"description\">Blue Period - Tập 11 (Bản Đặc Biệt) - Đứng trước tình thế khó xử này, Yataro đã quyết định tự mình thuyết phục mọi người bằng các bức vẽ đầy tâm huyết. </div>',3,0),(250,'Blue Period - Tập 11','sach-blue-period-tap-11_L.jpg',45600,'48000','<div class=\"description\">Blue Period - Tập 11 - Yataro Yaguchi là một học sinh xuất sắc nhưng có lối sống buông thả, không mục đích. Một ngày nọ, tận mắt chiêm ngưỡng bức tranh của một chị lớp trên ở CLB Mỹ thuật,...</div>',3,0),(251,'Kỳ Án Siêu Nhiên - Tập 9','ky-an-sieu-nhien-tap-9_L.jpg',33250,'35000','<div class=\"description\">Kỳ Án Siêu Nhiên - Tập 9 - Năm 11 tuổi, Kotoko Iwanaga bị yêu quái bắt cóc trong hai tuần và được yêu cầu trở thành \"Thần thông thái\" của họ. Cô nhanh chóng đồng ý nhưng phải trả giá bằng mắt phải và chân trái...</div>',3,0),(252,'Chainsaw Man - Tập 7','sach-chainsaw-man-tap-7_L.jpg',42750,'45000','<div class=\"description\">Chainsaw Man - Tập 7 - Câu chuyện của Chainsaw Man mô tả một thế giới nơi ma quỷ và con người cùng tồn tại trên Trái đất, và trong đó con người có thể lập hiệp ước để đạt được sức mạnh của quỷ. </div>',3,0),(253,'Black Jack - Tập 17 (Bìa Cứng)','black-jack-tap-17-bia-cung_L.jpg',128250,'135000','<div class=\"description\">Black Jack - Tập 17 (Bìa Cứng) - Câu chuyện xoay quanh việc chữa bệnh cứu người và những vấn đề y khoa, trong đó nhân vật chính là Black Jack, một bác sĩ tài giỏi nhưng “quái dị”.</div>',3,0),(254,'Black Jack - Tập 17','sach-black-jack-tap-17_L.jpg',28500,'30000','<div class=\"description\">Black Jack - Tập 17 - Mỗi tập truyện là những câu chuyện xoay quanh việc chữa trị bệnh có một không hai của bác sĩ quái dị Black Jack. Qua đó, bạn đọc được chứng kiến công việc cực nhọc, những cuộc phẫu thuật đẫm mồ hôi và cả những lúc đứng trước quyết định sinh tử của một bác sĩ. </div>',3,0),(255,'Những Con Mèo Ở Tử Cấm Thành - Tập 2','sach-nhung-con-meo-o-tu-cam-thanh-tap-2_L.jpg',103700,'122000','<div class=\"description\">Những Con Mèo Ở Tử Cấm Thành - Tập 2 - Tử Cấm Thành vốn là địa danh nổi tiếng bậc nhất Trung Hoa, là biểu tượng của một thời kỳ chói lọi vàng son, cũng là nơi lưu giữ biết bao di vật văn hóa. </div>',3,0),(256,'Lãnh Chúa Vùng Đất Không Cư Dân - Thiếu Nữ...','lanh-chua-vung-dat-khong-cu-dan-thieu-nu-sung-xanh-tap-2_L.png',118150,'139000','<div class=\"description\">Lãnh Chúa Vùng Đất Không Cư Dân - Thiếu Nữ Sừng Xanh - Tập 2 - ​\"Anh hùng cứu quốc\" Diaz được đức vua ban cho lãnh địa. Nhìn vùng thảo nguyên mênh mông trước mắt, vị lãnh chúa non trẻ này không biết phải bắt đầu thế nào...</div>',3,0),(257,'Người Bà Tài Giỏi Vùng Saga - Tập 10','nguoi-ba-tai-gioi-vung-saga-tap-10_L.png',45760,'52000','<div class=\"description\">Người Bà Tài Giỏi Vùng Saga - Tập 10 - Cậu bé Tokunaga Akihiro tin răm rắp lời bà ngày nào nay đã lên lớp 4. Tuy buồn vì không được gặp mẹ ở Hiroshima xa xôi nhưng ngày ngày cậu vẫn vui vẻ đến trường.</div>',3,0),(258,'3x3 Eyes - Cô Bé Ba Mắt - Tập 5','sach-3x3-eyes-co-be-ba-mat-tap-5_L.jpg',85500,'90000','<div class=\"description\">3x3 Eyes - Cô Bé Ba Mắt - Tập 5 - Bộ truyện kể về chuyến phiêu lưu kỳ vĩ của Pai - người sống sót cuối cùng của bộ tộc Sanjiyan Unkara và người hầu cận bất tử của cô - “Vô” Fujii Yakumo...</div>',3,0),(259,'Chainsaw Man - Tập 8','chainsaw-man-tap-8_L.jpg',42750,'45000','<div class=\"description\">Chainsaw Man - Tập 8 - Nhân vật chính là Denji, để hoàn trả số nợ khổng lồ của cha để lại, Denji cùng con quỷ nhỏ Pochita làm tất cả mọi công việc để có thể hoàn nợ. Sau một tai nạn, Denji bị giết...</div>',3,0),(260,'Alice In Borderland - Tập 5','alice-in-borderland-tap-5_L.jpg',33250,'35000','<div class=\"description\">Alice In Borderland - Tập 5 - Ở nơi này, Arisu, Karube và Chota bị buộc phải tham gia liên tiếp vào những trò chơi chết người do một thế lực nào đó áp đặt, nếu không muốn bị trừng phạt bằng cái chết...</div>',3,0),(261,'Alice In Borderland - Tập 4','alice-in-borderland-tap-4_L.jpg',33250,'35000','<div class=\"description\">Alice In Borderland - Tập 4 - Arisu Ryohei tự nhận mình là một thành phần “ăn hại xã hội”, học hành lẹt đẹt nên đang cực kỳ chán đời. Trong một lần tụ tập than vãn cùng hai thằng bạn thân Karube và Chota, cả ba bất chợt nhìn thấy pháo hoa, và sau đó là một vụ nổ long trời lở đất...</div>',3,0),(262,'Shaman King - Tập 27','sach-shaman-king-tap-27_L.jpg',33250,'35000','<div class=\"description\">Shaman King - Tập 26 - Asakura Yo vốn là con nhà nòi, sinh ra trong một gia đình hành nghề shaman - pháp sư. Như bất kỳ shaman nào khác, mục tiêu cuối cùng của cậu chính là ngôi vị Shaman King</div>',3,0),(263,'KINGDOM - Tập 44','sach-kingdom-tap-44_L.jpg',42750,'45000','<div class=\"description\">KINGDOM - Tập 44 - Sinh ra trong thời loạn lạc, cậu thiếu niên mồ côi tên Tín cùng người bằng hữu của mình là Phiêu quyết tâm rèn luyện võ nghệ ngày đêm nhằm thay đổi vận mệnh của mình, phấn đấu trở thành thiên hạ đệ nhất tướng quân ghi danh vào sử sách.</div>',3,0),(264,'KINGDOM - Tập 43','sach-kingdom-tap-43_L.jpg',42750,'45000','<div class=\"description\">KINGDOM - Tập 43 - Sinh ra trong thời loạn lạc, cậu thiếu niên mồ côi tên Tín cùng người bằng hữu của mình là Phiêu quyết tâm rèn luyện võ nghệ ngày đêm nhằm thay đổi vận mệnh của mình, phấn đấu trở thành thiên hạ đệ nhất tướng quân ghi danh vào sử sách.</div>',3,0),(265,'3x3 Eyes - Cô Bé Ba Mắt - Tập 4','sach-3x3-eyes-co-be-ba-mat-tap-4_L.jpg',85500,'90000','<div class=\"description\">3x3 Eyes - Cô Bé Ba Mắt - Tập 4 - Bộ truyện kể về chuyến phiêu lưu kỳ vĩ của Pai - người sống sót cuối cùng của bộ tộc Sanjiyan Unkara và người hầu cận bất tử của cô - “Vô” Fujii Yakumo...</div>',3,0),(266,'3x3 Eyes - Cô Bé Ba Mắt - Tập 3','sach-3x3-eyes-co-be-ba-mat-tap-3_L.jpg',85500,'90000','<div class=\"description\">3x3 Eyes - Cô Bé Ba Mắt - Tập 3 - Bộ truyện kể về chuyến phiêu lưu kỳ vĩ của Pai - người sống sót cuối cùng của bộ tộc Sanjiyan Unkara và người hầu cận bất tử của cô - “Vô” Fujii Yakumo...</div>',3,0),(267,'Blue Period - Tập 10','sach-blue-period-tap-10_L.jpg',45600,'48000','<div class=\"description\">Blue Period - Tập 10 - Yataro Yaguchi là một học sinh xuất sắc nhưng có lối sống buông thả, không mục đích. Một ngày nọ, tận mắt chiêm ngưỡng bức tranh của một chị lớp trên ở CLB Mỹ thuật, Yataro hoàn toàn bị hút hồn và lần đầu tiên trong đời, cậu đã tìm ra thứ mình thật sự đam mê và đặt mọi tâm huyết vào đó.</div>',3,0),(268,'Alice In Borderland - Tập 3','sach-alice-in-borderland-tap-3_L.jpg',33250,'35000','<div class=\"description\">Alice In Borderland - Tập 3 - Trong một lần tụ tập than vãn cùng hai thằng bạn thân Karube và Chota, cả ba bất chợt nhìn thấy pháo hoa, và sau đó là một vụ nổ long trời lở đất.</div>',3,0),(269,'Kỳ Án Siêu Nhiên - Tập 7','ky-an-sieu-nhien-tap-7_L.jpg',33250,'35000','<div class=\"description\">Kỳ Án Siêu Nhiên - Tập 7 - Cặp đôi sở hữu sức mạnh siêu nhiên cùng nhau giải quyết các vụ án kỳ lạ xoay quanh yêu quái và quái vật.</div>',3,0),(270,'Kỳ Án Siêu Nhiên - Tập 6','sach-ky-an-sieu-nhien-tap-6_L.jpg',33250,'35000','<div class=\"description\">Kỳ Án Siêu Nhiên - Tập 6 - Cặp đôi sở hữu sức mạnh siêu nhiên cùng nhau giải quyết các vụ án kỳ lạ xoay quanh yêu quái và quái vật.</div>',3,0),(271,'Chainsaw Man - Tập 6','sach-chainsaw-man-tap-6_L.jpg',42750,'45000','<div class=\"description\">Chainsaw Man - Tập 6 - Câu chuyện của Chainsaw Man mô tả một thế giới nơi ma quỷ và con người cùng tồn tại trên Trái đất, và trong đó con người có thể lập hiệp ước để đạt được sức mạnh của quỷ. </div>',3,0),(272,'Shaman King - Tập 26','shaman-king-tap-26_L.jpg',33250,'35000','<div class=\"description\">Shaman King - Tập 26 - Để đạt được điều ấy, cậu buộc phải vượt qua những shaman khác trong một cuộc đấu mang tên Shaman Fight...</div>',3,0),(273,'Shaman King - Tập 24','sach-shaman-king-tap-24_L.jpg',33250,'35000','<div class=\"description\">Shaman King - Tập 24 - ​Asakura Yo vốn là con nhà nòi, sinh ra trong một gia đình hành nghề shaman - pháp sư. Như bất kỳ shaman nào khác, mục tiêu cuối cùng của cậu chính là ngôi vị Shaman King...</div>',3,0),(274,'Shaman King - Tập 25','sach-shaman-king-tap-25_L.jpg',33250,'35000','<div class=\"description\">Shaman King - Tập 25 - Hãy cùng dõi theo mỗi bước chân của Asakura Yo trên con đường chinh phục mục tiêu đời mình nhé!</div>',3,0),(275,'Những Con Mèo Ở Tử Cấm Thành - Tập 1','sach-nhung-con-meo-o-tu-cam-thanh-tap-1_L.jpg',103700,'122000','<div class=\"description\">Những Con Mèo Ở Tử Cấm Thành - Tập 1 - Tử Cấm Thành vốn là địa danh nổi tiếng bậc nhất Trung Hoa, là biểu tượng của một thời kỳ chói lọi vàng son, cũng là nơi lưu giữ biết bao di vật văn hóa.</div>',3,0),(276,'Tặng Hoa Cho Bách Đồ - Tập 2 (Bản Thường)','sach-tang-hoa-cho-bach-do-tap-2-ban-thuong_L.jpg',127500,'150000','<div class=\"description\">Tặng Hoa Cho Bách Đồ - Tập 2 (Bản Thường) - Và rồi câu chuyện tình yêu ngọt ngào của Bách Đồ (+ quá khứ yêu thầm có phần “biến thái” của Lương Tỉ) xin được phép bắt đầu!\r\n</div>',3,0),(277,'Heesu Ở Lớp B - Tập 1','sach-heesu-o-lop-b-tap-1_L.jpg',109650,'129000','<div class=\"description\">Heesu Ở Lớp B - Tập 1 - Mời các bạn độc giả cùng đồng hành với Heesu trải qua quãng thời gian tươi đẹp của tuổi học trò, những mối tình gà bông và những xúc cảm chẳng thể nói thành lời.</div>',3,0),(278,'Tứ Phủ Xét Giả - Tập 1','sach-tu-phu-xet-gia-tap-1_L.jpg',87120,'99000','<div class=\"description\">Tứ Phủ Xét Giả - Tập 1 - Tứ phủ xét giả mở đầu bằng câu chuyện xoay quanh Long, một cậu bé với tính cách khép kín, hay bị bạn bè bắt nạt. Đối với cậu, số phận vốn đã được mặc định từ khi chúng ta được sinh ra, những kẻ vẫy vùng cố gắng thay đổi số phận của mình thật nhỏ bé...</div>',3,0),(279,'Miyama - Điệu Nhảy Dành Tặng Riêng Anh (Bản Thường)','sach-miyama-dieu-nhay-danh-tang-rieng-anh-ban-thuong_L.jpg',123250,'145000','<div class=\"description\">Miyama - Điệu Nhảy Dành Tặng Riêng Anh (Bản Thường) - Cuốn sách là câu chuyện tình yêu thổn thức giữa một vị thần cô độc phải trải qua năm tháng vĩnh cửu và thiếu nữ bên cạnh anh.\r\n</div>',3,0),(280,'Cửa Hàng Dụng Cụ Ma Thuật Polaris Mở Cửa Lúc...','sach-cua-hang-dung-cu-ma-thuat-polaris-mo-cua-luc-333_L.jpg',118150,'139000','<div class=\"description\">Cửa Hàng Dụng Cụ Ma Thuật Polaris Mở Cửa Lúc 3:33 - Câu chuyện giả tưởng hiện đại, khắc họa sự trưởng thành của một chàng trai và cô gái đều đang khổ sở vì cô độc, nhất định sẽ khiến bạn xúc động.\r\n</div>',3,0),(281,'Combo Tây Du Ký Tập 17 - 25 (Bộ 9...','combo-tay-du-ky-tap-17-25-bo-8-cuon_L.jpg',136800,'171000','<div class=\"description\">Combo Tây Du Ký Tập 17 - 25 (Bộ 9 Cuốn) - Bộ sách được đầu tư kĩ lưỡng, nội dung hấp dẫn, hài hước; hình tranh bắt mắt, nghộ nghĩnh chắc chắn sẽ mang lại niềm say mê, thích thú cho các em nhỏ. Hãy cùng các thầy trò Đường Tăng lên đường trừ diệt yêu ma quỷ quái...</div>',3,0),(282,'Combo Tây Du Ký Tập 9 - 16 (Bộ 8...','combo-tay-du-ky-tap-9-16-bo-8-cuon_L.jpg',121600,'152000','<div class=\"description\">Combo Tây Du Ký Tập 9 - 16 (Bộ 8 Cuốn) -  Đường Tam Tạng thông minh, từ bi, sở hữu cây tích trượng và áo cà sa quý giá. Tôn Ngộ Không thần thông quảng đại, trừ yêu duyệt ma, là đại đồ đệ. Trư Bát Giới ham ăn lười làm, nhưng đôi lúc cũng tốt bụng...</div>',3,0),(283,'Combo Tây Du Ký Tập 1 - 8 (Bộ 8...','tay-du-ky-bo-8-cuon_L.jpg',121600,'152000','<div class=\"description\">Combo Tây Du Ký Tập 1 - 8 (Bộ 8 Cuốn) - Trên ngọn núi Hoa Quả Sơn có một tảng tiên thạch. Một ngày nọ, từ trong tảng tiên thạch nổ ra một con thạch hầu. Thạch hầu dựa vào thần lực đã vào được Thủy Liêm Động, trở thành Hầu Vương của Hoa Quả Sơn.</div>',3,0),(284,'Black Jack - Tập 16','sach-black-jack-tap-16_L.jpg',28500,'30000','<div class=\"description\">Black Jack - Tập 16 - Bộ truyện phù hợp với lứa tuổi cấp 2 trở lên; đặc biệt cho những ai đã từng yêu Bác sĩ quái dị của những năm 90 có cơ hội đọc lại và sưu tầm bản bìa cứng.</div>',3,0),(285,'Black Jack - Tập 15 (Bìa Cứng)','sach-black-jack-tap-15-bia-cung_L.jpg',128250,'135000','<div class=\"description\">Black Jack - Tập 15 (Bìa Cứng) - Bạn đọc được chứng kiến công việc cực nhọc, những cuộc phẫu thuật đẫm mồ hôi và cả những lúc đứng trước quyết định sinh tử của một bác sĩ.</div>',3,0),(286,'Shaman King - Tập 23','sach-shaman-king-tap-23_L.jpg',33250,'35000','<div class=\"description\">Shaman King - Tập 23 - Asakura Yo vốn là con nhà nòi, sinh ra trong một gia đình hành nghề shaman - pháp sư.</div>',3,0),(287,'Kỳ Án Siêu Nhiên - Tập 4','sach-ky-an-sieu-nhien-tap-4_L.jpg',33250,'35000','<div class=\"description\">Kỳ Án Siêu Nhiên - Tập 4 - Cặp đôi sở hữu sức mạnh siêu nhiên cùng nhau giải quyết các vụ án kỳ lạ xoay quanh yêu quái và quái vật.</div>',3,0),(288,'Vợ Trong Game Của Tôi Là Idol Nổi Tiếng Ngoài...','vo-trong-game-cua-toi-la-idol-noi-tieng-ngoai-doi-tap-1_L.jpg',107100,'126000','<div class=\"description\">Vợ Trong Game Của Tôi Là Idol Nổi Tiếng Ngoài Đời - Tập 1 - Câu chuyện tình thanh xuân hài hước của tôi và “người vợ” idol lạnh lùng nhưng đầy cuồng nhiệt khi yêu sẽ diễn biến thế nào đây…</div>',3,0),(289,'Gửi Em Người Bất Tử 17','sach-gui-em-nguoi-bat-tu-17_L.jpg',28500,'30000','<div class=\"description\">Gửi Em Người Bất Tử 17 - Điều gì sẽ xảy đến với \"nó\", \"nó\" sẽ đối mặt với những trải nghiệm gì, khi mà cuộc đời của \"nó\" kéo dài vĩnh viễn.</div>',3,0),(290,'Combo 4 Tập K-On','k-on-boxset-bo-4-tap-tang-kem-7-card-pvc-nhan-vat-standee-k-on_L.jpg',234600,'276000','<div class=\"description\">K-On Boxset (Bộ 4 Tập) - Nội dung của K-ON! xoay quanh bốn cô gái đang học năm đầu cấp 3 cùng tham gia vào câu lạc bộ nhạc nhẹ của trường Trung học Nữ Sakuragaoka nhằm cứu nó không bị đóng cửa...</div>',3,0),(291,'K-On - Tập 4','sach-k-on-tap-4-tang-kem-card-pvc-mugi-card-pvc-azusa_L.jpg',58650,'69000','<div class=\"description\">K-On - Tập 4 - Cuối cùng lễ hội văn hoá cuối cùng trong đời học sinh cấp Ba của câu lạc bộ nhạc nhẹ cũng đã tới...</div>',3,0),(292,'K-On - Tập 3','sach-k-on-tap-3-tang-kem-card-pvc-ritsu_L.jpg',58650,'69000','<div class=\"description\">K-On - Tập 3 - ​Thời gian thấm thoắt thoi đưa, chớp mắt, Yui và các bạn đã lên lớp 12. Qua chuyến du lịch ngoại khoá, lễ hội mùa hè, cả nhóm đã tích luỹ được không ít những kỉ niệm đẹp đẽ...</div>',3,0),(293,'K-On - Tập 2','sach-k-on-tap-2-tang-kem-card-pvc-mio_L.jpg',58650,'69000','<div class=\"description\">K-On - Tập 2 - Trong tập này, CLB Nhạc nhẹ sẽ đón chào một thành viên mới là Azusa. Mặc kệ Azusa tỏ thái độ bất bình trước tinh thần \"ham chơi lười làm\" của các đàn chị, CLB vẫn chẳng chịu chấn chỉnh cách hoạt động.</div>',3,0),(294,'K-On - Tập 1','k-on-tap-1-tang-kem-card-pvc-yui-card-pvc-ui_L.jpg',58650,'69000','<div class=\"description\">K-On - Tập 1 - Các thành viên đều là những cô gái xinh xắn, đáng yêu! Nhưng nàng nào cũng ngáo ngơ! Sau khi Yui, một tay mơ về nhạc cụ gia nhập, CLB Nhạc nhẹ chính thức đi vào hoạt động.</div>',3,0),(295,'Shaman King - Tập 22','sach-shaman-king-tap-22_L.jpg',33250,'35000','<div class=\"description\">Shaman King - Tập 22 - Asakura Yo buộc phải vượt qua những shaman khác trong một cuộc đấu mang tên Shaman Fight. Hãy cùng dõi theo mỗi bước chân của Asakura Yo trên con đường chinh phục mục tiêu đời mình nhé!</div>',3,0),(296,'Shaman King - Tập 21','sach-shaman-king-tap-21_L.jpg',33250,'35000','<div class=\"description\">Shaman King - Tập 21 - Asakura Yo buộc phải vượt qua những shaman khác trong một cuộc đấu mang tên Shaman Fight. Hãy cùng dõi theo mỗi bước chân của Asakura Yo trên con đường chinh phục mục tiêu đời mình nhé!</div>',3,0),(297,'Kỳ Án Siêu Nhiên - Tập 3 - Tặng Kèm...','sach-ky-an-sieu-nhien-tap-3-tang-kem-bookmark-giay_L.jpg',33250,'35000','<div class=\"description\">Kỳ Án Siêu Nhiên - Tập 3 - Tặng Kèm Bookmark Giấy - Năm 11 tuổi, Kotoko Iwanaga bị yêu quái bắt cóc trong hai tuần và được yêu cầu trở thành \"Thần thông thái\" của họ. Cô nhanh chóng đồng ý nhưng phải trả giá bằng mắt phải và chân trái.</div>',3,0),(298,'Gửi Em Người Bất Tử 14','sach-gui-em-nguoi-bat-tu-14_L.jpg',28500,'30000','<div class=\"description\">Gửi Em Người Bất Tử 14 - Xuyên suốt hành trình của Fushi là những bài học về tình bạn, tình cảm gia đình, về sự vấp ngã, mất mát và sự trưởng thành.</div>',3,0),(299,'Gửi Em Người Bất Tử 15','sach-gui-em-nguoi-bat-tu-15_L.jpg',28500,'30000','<div class=\"description\">Gửi Em Người Bất Tử 15 - Xuyên suốt hành trình của Fushi là những bài học về tình bạn, tình cảm gia đình, về sự vấp ngã, mất mát và sự trưởng thành.</div>',3,0),(300,'Gửi Em Người Bất Tử 16','sach-gui-em-nguoi-bat-tu-16_L.jpg',28500,'30000','<div class=\"description\">Gửi Em Người Bất Tử 16 - Xuyên suốt hành trình của Fushi là những bài học về tình bạn, tình cảm gia đình, về sự vấp ngã, mất mát và sự trưởng thành.</div>',3,0),(301,'3x3 Eyes - Cô Bé Ba Mắt - Tập 2','sach-3x3-eyes-co-be-ba-mat-tap-2-tang-kem-postcard-mau_L.jpg',85500,'90000','<div class=\"description\">3x3 Eyes - Cô Bé Ba Mắt - Tập 2 - Bộ truyện kể về chuyến phiêu lưu kỳ vĩ của Pai - người sống sót cuối cùng của bộ tộc Sanjiyan Unkara và người hầu cận bất tử của cô - “Vô” Fujii Yakumo...</div>',3,0),(302,'Vàng Xám Và Những Câu Chuyện Ngốc Nghếch','sach-vang-xam-va-nhung-cau-chuyen-ngoc-nghech_L.jpg',114750,'135000','<div class=\"description\">Vàng Xám Và Những Câu Chuyện Ngốc Nghếch - Cuốn sách tổng hợp những trang truyện ngắn dễ thương và hài hước nhất của hai nhân vật đã quá quen thuộc với gần 600.000 FOLLOWERS của fanpage Vàng Xám Comic.</div>',3,0),(303,'Hydrangea - Ngày Hoa Tú Cầu Nở - Tập 1...','sach-hydrangea-ngay-hoa-tu-cau-no-tap-1_L.jpg',73920,'84000','<div class=\"description\">Hydrangea - Ngày Hoa Tú Cầu Nở - Tập 1 - Tặng Kèm Bookmark - Bốn cô cậu học sinh tưởng như đang ở độ tuổi vô lo vô nghĩ nhất trong đời lại mang trong lòng những nỗi mặc cảm, lo âu khác nhau, đằng sau đó là bốn câu chuyện phức tạp...</div>',3,0),(304,'Black Jack - Tập 15','sach-black-jack-tap-15_L.jpg',28500,'30000','<div class=\"description\">Black Jack - Tập 15 - Câu chuyện xoay quanh việc chữa bệnh cứu người và những vấn đề y khoa, trong đó nhân vật chính là Black Jack, một bác sĩ tài giỏi nhưng “quái dị”. </div>',3,0),(305,'3x3 Eyes - Cô Bé Ba Mắt - Tập 1...','sach-3x3-eyes-co-be-ba-mat-tap-1-tang-kem-card-nhua-postcard-giay_L.jpg',85500,'90000','<div class=\"description\">3x3 Eyes - Cô Bé Ba Mắt - Tập 1 - Tặng Kèm Card Nhựa + Postcard Giấy - Bộ truyện kể về chuyến phiêu lưu kỳ vĩ của Pai - người sống sót cuối cùng của bộ tộc Sanjiyan Unkara và người hầu cận bất tử của cô - “Vô” Fujii Yakumo.</div>',3,0),(306,'Văn Phòng Thám Tử Quái Vật - Tập 15','sach-van-phong-tham-tu-quai-vat-tap-15_L.jpg',28500,'30000','<div class=\"description\">Văn Phòng Thám Tử Quái Vật - Tập 15 - Ở một vùng quê yên tĩnh nọ bỗng xảy ra sự kiện gia súc chết hàng loạt rất quái lạ. Dân làng thuê vị thám tử tâm linh Inugami từ Tokyo về để điều tra vụ việc...</div>',3,0),(307,'Làm Bạn Thân Có Khó Không - Tập 4 -...','sach-lam-ban-than-co-kho-khong-tap-4-tang-kem-bookmark_L.jpg',113050,'133000','<div class=\"description\">Làm Bạn Thân Có Khó Không - Tập 4 - Tặng Kèm Bookmark - Ma cà rồng và nhân vật bạn thân cùng nhau chiến đấu để nuôi nấng một đứa trẻ? Tập bốn là một bộ phim hài lãng mạn bị càn quét bởi cơn lốc mang tên “trẻ sơ sinh”.</div>',3,0),(308,'Anh Em Phi Hành Gia - Tập 36','sach-anh-em-phi-hanh-gia-tap-36_L.jpg',42750,'45000','<div class=\"description\">​Anh Em Phi Hành Gia - Tập 36 - Từ nhỏ, hai anh em Mutta và Hibito đã có niềm đam mê bất tận đối với vũ trụ. Trong những lần quan sát bầu trời đêm, họ đã cùng nhau ước mơ trở thành những phi hành gia...</div>',3,0),(309,'Shaman King - Tập 20','sach-shaman-king-tap-20_L.jpg',33250,'35000','<div class=\"description\">Shaman King - Tập 20 - Asakura Yo  buộc phải vượt qua những shaman khác trong một cuộc đấu mang tên Shaman Fight. Hãy cùng dõi theo mỗi bước chân của Asakura Yo trên con đường chinh phục mục tiêu đời mình nhé!</div>',3,0),(310,'Shaman King - Tập 18','sach-shaman-king-tap-18_L.jpg',33250,'35000','<div class=\"description\">Shaman King - Tập 18 - Asakura Yo vốn là con nhà nòi, sinh ra trong một gia đình hành nghề shaman - pháp sư. Như bất kỳ shaman nào khác, mục tiêu cuối cùng của cậu chính là ngôi vị Shaman king.</div>',3,0),(311,'Kingdom 35','sach-kingdom-35-1_L.jpg',42750,'45000','<div class=\"description\">KINGDOM - Tập 35 -  Sinh ra trong thời loạn lạc, cậu thiếu niên mồ côi tên Tín cùng người bằng hữu của mình là Phiêu quyết tâm rèn luyện võ nghệ ngày đêm nhằm thay đổi vận mệnh của mình...</div>',3,0),(312,'IKIGAMI - Tuyển Tập Những Câu Chuyện Lay Động Lòng...','ikigami-tuyen-tap-nhung-cau-chuyen-lay-dong-long-nguoi-10_L.jpg',42750,'45000','<div class=\"description\">Ikigami - Tuyển Tập Những Câu Chuyện Lay Động Lòng Người 10 - ​Để người dân thẩu hiểu giá trị sinh mệnh, một đạo luật mang lên “Luật duy trì phồn thịnh quốc gia” đã được ban hành.</div>',3,0),(313,'Văn Phòng Thám Tử Quái Vật - Tập 14','sach-van-phong-tham-tu-quai-vat-tap-14_L.jpg',28500,'30000','<div class=\"description\">Văn Phòng Thám Tử Quái Vật - Tập 14 - Ở một vùng quê yên tĩnh nọ bỗng xảy ra sự kiện gia súc chết hàng loạt rất quái lạ. Dân làng thuê vị thám tử tâm linh Inugami từ Tokyo về để điều tra vụ việc. Trong quá trình điều tra, Inugami gặp một cậu bé bị dân làng gọi bằng cái tên “Dorotabo”</div>',3,0),(314,'Gửi Em Người Bất Tử 13','sach-gui-em-nguoi-bat-tu-tap-13_L.jpg',28500,'30000','<div class=\"description\">Gửi Em Người Bất Tử 13 - Một \"thực thể\" bất tử được gửi đến trái đất, có thể bắt chước hình dạng của mọi sinh vật đã chết</div>',3,0),(315,'Anh Em Phi Hành Gia - Tập 35','sach-anh-em-phi-hanh-gia-tap-35_L.jpg',42750,'45000','<div class=\"description\">Anh Em Phi Hành Gia - Tập 35 - Từ nhỏ, hai anh em Mutta và Hibito đã có niềm đam mê bất tận đối với vũ trụ. Trong những lần quan sát bầu trời đêm, họ đã cùng nhau ước mơ trở thành những phi hành gia, đặt chân lên những vì sao xa xôi đầy huyền ảo trên kia.</div>',3,0),(316,'Kingdom 36','sach-kingdom-36_L.jpg',42750,'45000','<div class=\"description\">Kingdom 36 - Thời kỳ Xuân Thu chiến quốc kéo dài suốt 500 năm do toàn cõi Trung Hoa vẫn chưa quy về một mối. </div>',3,0),(317,'Shaman King - Tập 19','sach-shaman-king-tap-19_L.jpg',33250,'35000','<div class=\"description\">Shaman King - Tập 19 - Hãy cùng dõi theo mỗi bước chân của Asakura Yo trên con đường chinh phục mục tiêu đời mình nhé!</div>',3,0),(318,'Người Bà Tài Giỏi Vùng Saga - Tập 9','sach-nguoi-ba-tai-gioi-vung-saga-tap-9-tang-kem-postcard_L.jpg',45760,'52000','<div class=\"description\">Người Bà Tài Giỏi Vùng Saga - Tập 9 - Tặng Kèm Postcard - Thời gian thấm thoắt trôi qua, Akihiro ở Saga với bà ngoại, với Nanri và các bạn tuy vẫn nghèo nhưng lúc nào cũng đầy niềm vui.</div>',3,0),(319,'Yuri Espoir - Tập 3 (Bản Đặc Biệt)','sach-yuri-espoir-tap-3-ban-dac-biet_L.jpg',84150,'99000','<div class=\"description\">Yuri Espoir - Tập 3 (Bản Đặc Biệt) - Sau khi nghe Amami thổ lộ nỗi lòng, tinh thần Kokoro đã trở nên lạc quan hơn một chút, song hôn ước với Hanakago là hiện thực không thể chối cãi và đang ngày một tới gần. </div>',3,0),(320,' Yuri Espoir - Tập 3 (Tặng Kèm Postcard)','sach-yuri-espoir-tap-3_L.jpg',67150,'79000','<div class=\"description\">Yuri Espoir - Tập 3 (Tặng Kèm Postcard) - Thời gian cứ dần trôi và Kokoro khó có thể khước từ những lời chúc phúc “thiện ý” từ những người xung quanh…</div>',3,0),(321,'Black Jack - Tập 14 (Bìa Cứng)','sach-black-jack-tap-14-bia-cung_L.jpg',128250,'135000','<div class=\"description\">Black Jack - Tập 14 (Bìa Cứng) - Câu chuyện xoay quanh việc chữa bệnh cứu người và những vấn đề y khoa, trong đó nhân vật chính là Black Jack, một bác sĩ tài giỏi nhưng “quái dị”.</div>',3,0),(322,'Black Jack - Tập 14','sach-black-jack-tap-14_L.jpg',28500,'30000','<div class=\"description\">Black Jack - Tập 14 - ​Câu chuyện xoay quanh việc chữa bệnh cứu người và những vấn đề y khoa, trong đó nhân vật chính là Black Jack, một bác sĩ tài giỏi nhưng “quái dị”.</div>',3,0),(323,'Anh Em Phi Hành Gia Tập - 34','sach-anh-em-phi-hanh-gia-tap-34-1_L.jpg',42750,'45000','<div class=\"description\">Anh Em Phi Hành Gia Tập - 34 - xuyên suốt bộ truyện là một thông điệp duy nhất: \"Con đường đến với vinh quang chỉ được dựng nên bởi mồ hôi và nước mắt\". Hãy cùng dõi theo và trải nghiệm từng bước chân của hai anh em họ trên con đường ấy nhé!</div>',3,0),(324,'IKIGAMI - Tuyển Tập Những Câu Chuyện Lay Động Lòng...','sach-ikigami-tuyen-tap-nhung-cau-chuyen-lay-dong-long-nguoi-09_L.jpg',42750,'45000','<div class=\"description\">IKIGAMI - Tuyển Tập Những Câu Chuyện Lay Động Lòng Người 09 - Đương sự sẽ được thông báo trước về cái chết của mình vỏn vẹn 24 giờ thông qua một tờ giấy báo tử với tên gọi “Ikigami”. Vậy 24 giờ cuối đời, họ sẽ trải qua như thế nào?</div>',3,0),(325,'Kingdom - Tập 34','sach-kingdom-tap-34_L.jpg',42750,'45000','<div class=\"description\">Kingdom - Tập 34 - Sinh ra trong thời loạn lạc, cậu thiếu niên mồ côi tên Tín cùng người bằng hữu của mình là Phiêu quyết tâm rèn luyện võ nghệ ngày đêm nhằm thay đổi vận mệnh của mình, phấn đấu trở thành thiên hạ đệ nhất tướng quân ghi danh vào sử sách. </div>',3,0),(326,'Shaman King - Tập 17','sach-shaman-king-tap-17_L.jpg',33250,'35000','<div class=\"description\">Shaman King - Tập 17 - Asakura Yo vốn là con nhà nòi, sinh ra trong một gia đình hành nghề shaman - pháp sư. Như bất kỳ shaman nào khác, mục tiêu cuối cùng của cậu chính là ngôi vị Shaman king,</div>',3,0),(327,'Văn Phòng Thám Tử Quái Vật- Tập 13','sach-van-phong-tham-tu-quai-vat-tap-13_L.jpg',28500,'30000','<div class=\"description\">Văn Phòng Thám Tử Quái Vật- Tập 13 - ​Ở một vùng quê yên tĩnh nọ bỗng xảy ra sự kiện gia súc chết hàng loạt rất quái lạ. Dân làng thuê vị thám tử tâm linh Inugami từ Tokyo về để điều tra vụ việc. </div>',3,0),(328,'IKIGAMI - Tuyển Tập Những Câu Chuyện Lay Động Lòng...','sach-ikigami-tuyen-tap-nhung-cau-chuyen-lay-dong-long-nguoi-08_L.jpg',42750,'45000','<div class=\"description\">IKIGAMI - Tuyển Tập Những Câu Chuyện Lay Động Lòng Người 08 - ​Để người dân thấu hiểu giá trị sinh mệnh, một đạo luật mang tên “Luật duy trì phồn thịnh quốc gia” đã được ban hành. Luật quy định, khi một người vào tiểu học sẽ được tiêm một loại vắc xin và có tỉ lệ 1/1000 chứa viên nang nano đặc biệt.</div>',3,0),(329,'Gửi Em Người Bất Tử 12','sach-gui-em-nguoi-bat-tu-12_L.jpg',28500,'30000','<div class=\"description\">Gửi Em Người Bất Tử 12 - Một \"thực thể\" bất tử được gửi đến trái đất, có thể bắt chước hình dạng của mọi sinh vật đã chết. Thế rồi, trong khi lần mò tìm hiểu mọi thứ xung quanh mình, \"nó\" tìm thấy một cậu bé...</div>',3,0),(330,'Văn Phòng Thám Tử Quái Vật - Tập 12','sach-van-phong-tham-tu-quai-vat-tap-12_L.jpg',28500,'30000','<div class=\"description\">Văn Phòng Thám Tử Quái Vật - Tập 12 - Ở một vùng quê yên tĩnh nọ bỗng xảy ra sự kiện gia súc chết hàng loạt rất quái lạ. Dân làng thuê vị thám tử tâm linh Inugami từ Tokyo về để điều tra vụ việc.</div>',3,0),(331,'Shaman King - Tập 16','sach-shaman-king-tap-16_L.jpg',33250,'35000','<div class=\"description\">Shaman King - Tập 16 -  Như bất kỳ shaman nào khác, mục tiêu cuối cùng của cậu chính là ngôi vị Shaman king, người duy nhất có mối liên kết với đấng siêu nhiên toàn trí toàn năng. </div>',3,0),(332,'Quán Rượu Dị Giới \"Nobu\" - Tập 11 - Tặng...','sach-quan-ruou-di-gioi-nobu-tap-11-tang-kem-bookmark-hinh-mon-an_L.jpg',38000,'40000','<div class=\"description\">Quán Rượu Dị Giới \"Nobu\" - Tập 11 - Tặng Kèm Bookmark Hình Món Ăn - Tại đất nước trung cổ Aitheria có một quán rượu mang tên Nobu. Anh vệ binh lười biếng, cô tiểu thư đỏng đảnh, người thu thuế khó ở,… những người dân bản địa nơi dị giới lần lượt bị hấp dẫn khi thưởng thức các món ăn Nhật truyền thống độc lạ ở đây.</div>',3,0),(333,'KINGDOM - Tập 33','sach-kingdom-tap-33_L.jpg',42750,'45000','<div class=\"description\">KINGDOM - Tập 33 - Sinh ra trong thời loạn lạc, cậu thiếu niên mồ côi tên Tín cùng người bằng hữu của mình là Phiêu quyết tâm rèn luyện võ nghệ ngày đêm nhằm thay đổi vận mệnh của mình, phấn đấu trở thành thiên hạ đệ nhất tướng quân ghi danh vào sử sách. </div>',3,0),(334,'Blue Period - Tập 4 - Tặng Kèm Bookmark Giấy','sach-blue-period-tap-4-tang-kem-bookmark-giay_L.jpg',45600,'48000','<div class=\"description\">Blue Period - Tập 4 - Tặng Kèm Bookmark Giấy - Một ngày nọ, Yataro Yaguchi tận mắt chiêm ngưỡng bức tranh của một chị lớp trên ở CLB Mỹ thuật, Yataro hoàn toàn bị hút hồn và lần đầu tiên trong đời, cậu đã tìm ra thứ mình thật sự đam mê và đặt mọi tâm huyết vào đó. </div>',3,0),(335,'Anh Em Phi Hành Gia - Tập 33','sach-anh-em-phi-hanh-gia-tap-33_L.jpg',42750,'45000','<div class=\"description\">Anh Em Phi Hành Gia - Tập 33 - Từ nhỏ, hai anh em Mutta và Hibito đã có niềm đam mê bất tận đối với vũ trụ. Cũng như bao ước mơ khác, giấc mộng thám hiểm vũ trụ đòi hỏi một niềm khát khao cùng nỗ lực phi thường.</div>',3,0),(336,'Công Chúa Ma Cà Rồng Quyền Năng Chỉ Muốn Có...','sach-cong-chua-ma-ca-rong-quyen-nang-chi-muon-co-mot-co-em-gai-ma-thoi-tang-kem-1-postcard-boi-cung-in-2-mat_L.jpg',148750,'175000','<div class=\"description\">Công Chúa Ma Cà Rồng Quyền Năng Chỉ Muốn Có Một Cô Em Gái Mà Thôi - Tặng Kèm 1 Postcard Bồi Cứng In 2 Mặt - Công chúa ma cà rồng Ristia chỉ có khao khát duy nhất - một cô em gái dễ thương! Vô cùng mạnh mẽ, giỏi phép thuật và xinh đẹp động lòng người, ai ai cũng coi cô ấy như một “thiên thần”, nhưng cô ấy khẳng định với mọi người rằng mình chỉ là một cô gái bình thường.</div>',3,0),(337,'Black Jack - Tập 13 (Bìa Cứng)','sach-black-jack-tap-13-bia-cung_L.jpg',128250,'135000','<div class=\"description\">Black Jack - Tập 13 (Bìa Cứng) - Bộ truyện phù hợp với lứa tuổi cấp 2 trở lên; đặc biệt cho những ai đã từng yêu Bác sĩ quái dị của những năm 90 có cơ hội đọc lại và sưu tầm bản bìa cứng.</div>',3,0),(338,'Black Jack - Tập 13','sach-black-jack-tap-13_L.jpg',28500,'30000','<div class=\"description\">Black Jack - Tập 13 - Bạn đọc được chứng kiến công việc cực nhọc, những cuộc phẫu thuật đẫm mồ hôi và cả những lúc đứng trước quyết định sinh tử của một bác sĩ. </div>',3,0),(339,'Hế Lô Nyao - Chuyện Về Chú Mèo Chuyên Hóng...','sach-he-lo-nyao-chuyen-ve-chu-meo-chuyen-hong-hot-tap-9_L.jpg',23750,'25000','<div class=\"description\">Hế Lô Nyao - Chuyện Về Chú Mèo Chuyên Hóng Hớt - Tập 9 - Chuyện kể về một cậu nam sinh cấp 3 không may gặp tai nạn và biến thành mèo.</div>',3,0),(340,'Trái Cây Đại Chiến Zombie - Thế Giới Khủng Long...','trai-cay-dai-chien-zombie-tap-1-chien-binh-mao-hiem-bia_L.jpg',75650,'89000','<div class=\"description\"> Cuốn sách Trái Cây Đại Chiến Zombie - Tập 1: Chiến Binh Mạo Hiểm sẽ kể cho bé nghe những câu chuyện thú vị và trí tuệ.</div>',3,0),(341,'Văn Phòng Thám Tử Quái Vật - Tập 11','sach-van-phong-tham-tu-quai-vat-tap-11_L.jpg',28500,'30000','<div class=\"description\">Văn Phòng Thám Tử Quái Vật - Tập 11 - Trong quá trình điều tra, Inugami gặp một cậu bé bị dân làng gọi bằng cái tên “Dorotabo”.</div>',3,0),(342,'Mèo Mốc & Thế Giới Diệu Kỳ Màu Xám','sach-meo-moc-the-gioi-dieu-ky-mau-xam_L.jpg',108800,'128000','<div class=\"description\">Mèo Mốc &amp; Thế Giới Diệu Kỳ Màu Xám - Các độc giả hãy cùng đón đọc những câu chuyện xàm xí dở khóc dở cười mà không kém phần lắng đọng của Mèo Mốc tại “thế giới diệu kỳ màu xám” nhé!</div>',3,0);
/*!40000 ALTER TABLE `product` ENABLE KEYS */;
UNLOCK TABLES;

--
-- Table structure for table `role`
--

DROP TABLE IF EXISTS `role`;
/*!40101 SET @saved_cs_client     = @@character_set_client */;
/*!50503 SET character_set_client = utf8mb4 */;
CREATE TABLE `role` (
  `role_id` int NOT NULL,
  `role_name` varchar(30) CHARACTER SET utf8mb4 COLLATE utf8mb4_general_ci NOT NULL,
  PRIMARY KEY (`role_id`)
) ENGINE=InnoDB DEFAULT CHARSET=utf8mb4 COLLATE=utf8mb4_general_ci;
/*!40101 SET character_set_client = @saved_cs_client */;

--
-- Dumping data for table `role`
--

LOCK TABLES `role` WRITE;
/*!40000 ALTER TABLE `role` DISABLE KEYS */;
INSERT INTO `role` VALUES (1,'Admin'),(2,'Member');
/*!40000 ALTER TABLE `role` ENABLE KEYS */;
UNLOCK TABLES;

--
-- Table structure for table `user`
--

DROP TABLE IF EXISTS `user`;
/*!40101 SET @saved_cs_client     = @@character_set_client */;
/*!50503 SET character_set_client = utf8mb4 */;
CREATE TABLE `user` (
  `user_id` int NOT NULL AUTO_INCREMENT,
  `user_name` varchar(50) CHARACTER SET utf8mb4 COLLATE utf8mb4_0900_ai_ci DEFAULT NULL,
  `full_name` varchar(50) CHARACTER SET utf8mb4 COLLATE utf8mb4_0900_ai_ci DEFAULT NULL,
  `email` varchar(150) CHARACTER SET utf8mb4 COLLATE utf8mb4_general_ci NOT NULL,
  `password` varchar(60) CHARACTER SET utf8mb4 COLLATE utf8mb4_general_ci NOT NULL,
  `address` varchar(100) CHARACTER SET utf8mb4 COLLATE utf8mb4_general_ci DEFAULT NULL,
  `phone` int unsigned DEFAULT NULL,
  `image` varchar(100) CHARACTER SET utf8mb4 COLLATE utf8mb4_0900_ai_ci DEFAULT NULL,
  `role_id` int NOT NULL,
  `birthday` date DEFAULT NULL,
  PRIMARY KEY (`user_id`),
  UNIQUE KEY `email` (`email`),
  KEY `role_id` (`role_id`),
  CONSTRAINT `user_ibfk_1` FOREIGN KEY (`role_id`) REFERENCES `role` (`role_id`)
) ENGINE=InnoDB AUTO_INCREMENT=4 DEFAULT CHARSET=utf8mb4 COLLATE=utf8mb4_general_ci;
/*!40101 SET character_set_client = @saved_cs_client */;

--
-- Dumping data for table `user`
--

LOCK TABLES `user` WRITE;
/*!40000 ALTER TABLE `user` DISABLE KEYS */;
INSERT INTO `user` VALUES (1,'admin','','admin','123',NULL,123,'',1,NULL),(2,NULL,NULL,'huy.banh706@hcmut.edu.vn','$2y$10$vRGxNYTcle1MPZag5KIfTOaw/ZP9agfXitatzaA2bfBpHyDV2sfhS',NULL,NULL,NULL,2,NULL),(3,NULL,NULL,'huyq706@gmail.com','$2y$10$U0.Fjc.83TAJfJiVFVr6f.1.ApTkXVxq0L2UXFOYOdQt4NIw7/sK.',NULL,NULL,NULL,2,NULL);
/*!40000 ALTER TABLE `user` ENABLE KEYS */;
UNLOCK TABLES;
/*!40103 SET TIME_ZONE=@OLD_TIME_ZONE */;

/*!40101 SET SQL_MODE=@OLD_SQL_MODE */;
/*!40014 SET FOREIGN_KEY_CHECKS=@OLD_FOREIGN_KEY_CHECKS */;
/*!40014 SET UNIQUE_CHECKS=@OLD_UNIQUE_CHECKS */;
/*!40101 SET CHARACTER_SET_CLIENT=@OLD_CHARACTER_SET_CLIENT */;
/*!40101 SET CHARACTER_SET_RESULTS=@OLD_CHARACTER_SET_RESULTS */;
/*!40101 SET COLLATION_CONNECTION=@OLD_COLLATION_CONNECTION */;
/*!40111 SET SQL_NOTES=@OLD_SQL_NOTES */;

-- Dump completed on 2023-08-10 13:19:23
